{"type":"FeatureCollection","name":"BDLISA_N2_approx","features":[{"type":"Feature","geometry":{"type":"Polygon","coordinates":[[[-1.3051,49.274],[-1.1051,49.274],[-1.1051,49.474],[-1.3051,49.474],[-1.3051,49.274]]]},"properties":{"CdUH":"030AA","code":"030AA","LbUH":"Unite hydrogeologique 030AA","nom":"Unite hydrogeologique 030AA","NatureUH":"LIBRE","nature":"LIBRE","nb_stations":1,"CdUH_N1":"030","type_source":"APPROX_BBOX"}},{"type":"Feature","geometry":{"type":"Polygon","coordinates":[[[-1.1094,45.6679],[4.2838,45.6679],[4.2838,48.9661],[-1.1094,48.9661],[-1.1094,45.6679]]]},"properties":{"CdUH":"040AA","code":"040AA","LbUH":"Unite hydrogeologique 040AA","nom":"Unite hydrogeologique 040AA","NatureUH":"LIBRE","nature":"LIBRE","nb_stations":8,"CdUH_N1":"040","type_source":"APPROX_BBOX"}},{"type":"Feature","geometry":{"type":"Polygon","coordinates":[[[0.0784,46.9912],[5.7078,46.9912],[5.7078,49.9094],[0.0784,49.9094],[0.0784,46.9912]]]},"properties":{"CdUH":"040AB","code":"040AB","LbUH":"Unite hydrogeologique 040AB","nom":"Unite hydrogeologique 040AB","NatureUH":"LIBRE","nature":"LIBRE","nb_stations":14,"CdUH_N1":"040","type_source":"APPROX_BBOX"}},{"type":"Feature","geometry":{"type":"Polygon","coordinates":[[[5.793,48.0981],[7.1052,48.0981],[7.1052,49.445],[5.793,49.445],[5.793,48.0981]]]},"properties":{"CdUH":"040AC","code":"040AC","LbUH":"Unite hydrogeologique 040AC","nom":"Unite hydrogeologique 040AC","NatureUH":"LIBRE","nature":"LIBRE","nb_stations":49,"CdUH_N1":"040","type_source":"APPROX_BBOX"}},{"type":"Feature","geometry":{"type":"Polygon","coordinates":[[[6.7512,47.9581],[7.6894,47.9581],[7.6894,49.0228],[6.7512,49.0228],[6.7512,47.9581]]]},"properties":{"CdUH":"040AE","code":"040AE","LbUH":"Unite hydrogeologique 040AE","nom":"Unite hydrogeologique 040AE","NatureUH":"LIBRE","nature":"LIBRE","nb_stations":8,"CdUH_N1":"040","type_source":"APPROX_BBOX"}},{"type":"Feature","geometry":{"type":"Polygon","coordinates":[[[-0.8125,43.4625],[1.6143,43.4625],[1.6143,46.3309],[-0.8125,46.3309],[-0.8125,43.4625]]]},"properties":{"CdUH":"040AF","code":"040AF","LbUH":"Unite hydrogeologique 040AF","nom":"Unite hydrogeologique 040AF","NatureUH":"LIBRE","nature":"LIBRE","nb_stations":42,"CdUH_N1":"040","type_source":"APPROX_BBOX"}},{"type":"Feature","geometry":{"type":"Polygon","coordinates":[[[1.3597,45.0725],[1.6791,45.0725],[1.6791,45.3556],[1.3597,45.3556],[1.3597,45.0725]]]},"properties":{"CdUH":"040AG","code":"040AG","LbUH":"Unite hydrogeologique 040AG","nom":"Unite hydrogeologique 040AG","NatureUH":"LIBRE","nature":"LIBRE","nb_stations":2,"CdUH_N1":"040","type_source":"APPROX_BBOX"}},{"type":"Feature","geometry":{"type":"Polygon","coordinates":[[[2.0663,42.8565],[5.7218,42.8565],[5.7218,46.6795],[2.0663,46.6795],[2.0663,42.8565]]]},"properties":{"CdUH":"040AI","code":"040AI","LbUH":"Unite hydrogeologique 040AI","nom":"Unite hydrogeologique 040AI","NatureUH":"LIBRE","nature":"LIBRE","nb_stations":7,"CdUH_N1":"040","type_source":"APPROX_BBOX"}},{"type":"Feature","geometry":{"type":"Polygon","coordinates":[[[5.1208,45.7318],[6.057,45.7318],[6.057,46.2279],[5.1208,46.2279],[5.1208,45.7318]]]},"properties":{"CdUH":"040AJ","code":"040AJ","LbUH":"Unite hydrogeologique 040AJ","nom":"Unite hydrogeologique 040AJ","NatureUH":"LIBRE","nature":"LIBRE","nb_stations":3,"CdUH_N1":"040","type_source":"APPROX_BBOX"}},{"type":"Feature","geometry":{"type":"Polygon","coordinates":[[[5.8352,43.8386],[6.08,43.8386],[6.08,44.316],[5.8352,44.316],[5.8352,43.8386]]]},"properties":{"CdUH":"040AK","code":"040AK","LbUH":"Unite hydrogeologique 040AK","nom":"Unite hydrogeologique 040AK","NatureUH":"LIBRE","nature":"LIBRE","nb_stations":2,"CdUH_N1":"040","type_source":"APPROX_BBOX"}},{"type":"Feature","geometry":{"type":"Polygon","coordinates":[[[3.2888,46.1606],[3.489,46.1606],[3.489,46.3616],[3.2888,46.3616],[3.2888,46.1606]]]},"properties":{"CdUH":"040AM","code":"040AM","LbUH":"Unite hydrogeologique 040AM","nom":"Unite hydrogeologique 040AM","NatureUH":"LIBRE","nature":"LIBRE","nb_stations":2,"CdUH_N1":"040","type_source":"APPROX_BBOX"}},{"type":"Feature","geometry":{"type":"Polygon","coordinates":[[[3.1542,50.3071],[3.3542,50.3071],[3.3542,50.5071],[3.1542,50.5071],[3.1542,50.3071]]]},"properties":{"CdUH":"050AA","code":"050AA","LbUH":"Unite hydrogeologique 050AA","nom":"Unite hydrogeologique 050AA","NatureUH":"LIBRE","nature":"LIBRE","nb_stations":1,"CdUH_N1":"050","type_source":"APPROX_BBOX"}},{"type":"Feature","geometry":{"type":"Polygon","coordinates":[[[0.9893,49.124],[1.1893,49.124],[1.1893,49.324],[0.9893,49.324],[0.9893,49.124]]]},"properties":{"CdUH":"080AA","code":"080AA","LbUH":"Unite hydrogeologique 080AA","nom":"Unite hydrogeologique 080AA","NatureUH":"LIBRE","nature":"LIBRE","nb_stations":1,"CdUH_N1":"080","type_source":"APPROX_BBOX"}},{"type":"Feature","geometry":{"type":"Polygon","coordinates":[[[2.9721,50.5273],[3.1721,50.5273],[3.1721,50.7273],[2.9721,50.7273],[2.9721,50.5273]]]},"properties":{"CdUH":"080AG","code":"080AG","LbUH":"Unite hydrogeologique 080AG","nom":"Unite hydrogeologique 080AG","NatureUH":"LIBRE","nature":"LIBRE","nb_stations":1,"CdUH_N1":"080","type_source":"APPROX_BBOX"}},{"type":"Feature","geometry":{"type":"Polygon","coordinates":[[[-1.0324,46.186],[-0.5177,46.186],[-0.5177,46.4096],[-1.0324,46.4096],[-1.0324,46.186]]]},"properties":{"CdUH":"101AA","code":"101AA","LbUH":"Unite hydrogeologique 101AA","nom":"Unite hydrogeologique 101AA","NatureUH":"LIBRE","nature":"LIBRE","nb_stations":7,"CdUH_N1":"101","type_source":"APPROX_BBOX"}},{"type":"Feature","geometry":{"type":"Polygon","coordinates":[[[1.8139,50.8417],[2.3095,50.8417],[2.3095,51.0711],[1.8139,51.0711],[1.8139,50.8417]]]},"properties":{"CdUH":"101AC","code":"101AC","LbUH":"Unite hydrogeologique 101AC","nom":"Unite hydrogeologique 101AC","NatureUH":"LIBRE","nature":"LIBRE","nb_stations":4,"CdUH_N1":"101","type_source":"APPROX_BBOX"}},{"type":"Feature","geometry":{"type":"Polygon","coordinates":[[[-2.062,46.8835],[-0.6615,46.8835],[-0.6615,47.9505],[-2.062,47.9505],[-2.062,46.8835]]]},"properties":{"CdUH":"104AB","code":"104AB","LbUH":"Unite hydrogeologique 104AB","nom":"Unite hydrogeologique 104AB","NatureUH":"LIBRE","nature":"LIBRE","nb_stations":13,"CdUH_N1":"104","type_source":"APPROX_BBOX"}},{"type":"Feature","geometry":{"type":"Polygon","coordinates":[[[-2.1087,47.0877],[-0.1305,47.0877],[-0.1305,48.4437],[-2.1087,48.4437],[-2.1087,47.0877]]]},"properties":{"CdUH":"104AC","code":"104AC","LbUH":"Unite hydrogeologique 104AC","nom":"Unite hydrogeologique 104AC","NatureUH":"LIBRE","nature":"LIBRE","nb_stations":3,"CdUH_N1":"104","type_source":"APPROX_BBOX"}},{"type":"Feature","geometry":{"type":"Polygon","coordinates":[[[1.8315,47.7282],[2.524,47.7282],[2.524,48.1251],[1.8315,48.1251],[1.8315,47.7282]]]},"properties":{"CdUH":"104AE","code":"104AE","LbUH":"Unite hydrogeologique 104AE","nom":"Unite hydrogeologique 104AE","NatureUH":"LIBRE","nature":"LIBRE","nb_stations":4,"CdUH_N1":"104","type_source":"APPROX_BBOX"}},{"type":"Feature","geometry":{"type":"Polygon","coordinates":[[[-1.7044,49.1149],[-1.1821,49.1149],[-1.1821,49.529],[-1.7044,49.529],[-1.7044,49.1149]]]},"properties":{"CdUH":"104AG","code":"104AG","LbUH":"Unite hydrogeologique 104AG","nom":"Unite hydrogeologique 104AG","NatureUH":"LIBRE","nature":"LIBRE","nb_stations":6,"CdUH_N1":"104","type_source":"APPROX_BBOX"}},{"type":"Feature","geometry":{"type":"Polygon","coordinates":[[[1.0514,47.347],[2.6004,47.347],[2.6004,48.5227],[1.0514,48.5227],[1.0514,47.347]]]},"properties":{"CdUH":"107AA","code":"107AA","LbUH":"Unite hydrogeologique 107AA","nom":"Unite hydrogeologique 107AA","NatureUH":"LIBRE","nature":"LIBRE","nb_stations":50,"CdUH_N1":"107","type_source":"APPROX_BBOX"}},{"type":"Feature","geometry":{"type":"Polygon","coordinates":[[[1.523,48.2312],[2.7418,48.2312],[2.7418,48.9294],[1.523,48.9294],[1.523,48.2312]]]},"properties":{"CdUH":"107AC","code":"107AC","LbUH":"Unite hydrogeologique 107AC","nom":"Unite hydrogeologique 107AC","NatureUH":"LIBRE","nature":"LIBRE","nb_stations":17,"CdUH_N1":"107","type_source":"APPROX_BBOX"}},{"type":"Feature","geometry":{"type":"Polygon","coordinates":[[[1.3805,47.5318],[2.6894,47.5318],[2.6894,47.9912],[1.3805,47.9912],[1.3805,47.5318]]]},"properties":{"CdUH":"107AE","code":"107AE","LbUH":"Unite hydrogeologique 107AE","nom":"Unite hydrogeologique 107AE","NatureUH":"LIBRE","nature":"LIBRE","nb_stations":2,"CdUH_N1":"107","type_source":"APPROX_BBOX"}},{"type":"Feature","geometry":{"type":"Polygon","coordinates":[[[1.4582,47.3557],[2.7674,47.3557],[2.7674,48.6017],[1.4582,48.6017],[1.4582,47.3557]]]},"properties":{"CdUH":"107AF","code":"107AF","LbUH":"Unite hydrogeologique 107AF","nom":"Unite hydrogeologique 107AF","NatureUH":"LIBRE","nature":"LIBRE","nb_stations":26,"CdUH_N1":"107","type_source":"APPROX_BBOX"}},{"type":"Feature","geometry":{"type":"Polygon","coordinates":[[[2.1924,48.3479],[2.3924,48.3479],[2.3924,48.5479],[2.1924,48.5479],[2.1924,48.3479]]]},"properties":{"CdUH":"107AJ","code":"107AJ","LbUH":"Unite hydrogeologique 107AJ","nom":"Unite hydrogeologique 107AJ","NatureUH":"LIBRE","nature":"LIBRE","nb_stations":1,"CdUH_N1":"107","type_source":"APPROX_BBOX"}},{"type":"Feature","geometry":{"type":"Polygon","coordinates":[[[1.9009,48.2031],[3.9406,48.2031],[3.9406,49.1588],[1.9009,49.1588],[1.9009,48.2031]]]},"properties":{"CdUH":"107AK","code":"107AK","LbUH":"Unite hydrogeologique 107AK","nom":"Unite hydrogeologique 107AK","NatureUH":"LIBRE","nature":"LIBRE","nb_stations":19,"CdUH_N1":"107","type_source":"APPROX_BBOX"}},{"type":"Feature","geometry":{"type":"Polygon","coordinates":[[[2.3,48.5577],[3.0215,48.5577],[3.0215,48.8191],[2.3,48.8191],[2.3,48.5577]]]},"properties":{"CdUH":"110AA","code":"110AA","LbUH":"Unite hydrogeologique 110AA","nom":"Unite hydrogeologique 110AA","NatureUH":"LIBRE","nature":"LIBRE","nb_stations":2,"CdUH_N1":"110","type_source":"APPROX_BBOX"}},{"type":"Feature","geometry":{"type":"Polygon","coordinates":[[[1.573,48.2093],[3.7529,48.2093],[3.7529,49.3302],[1.573,49.3302],[1.573,48.2093]]]},"properties":{"CdUH":"113AA","code":"113AA","LbUH":"Unite hydrogeologique 113AA","nom":"Unite hydrogeologique 113AA","NatureUH":"LIBRE","nature":"LIBRE","nb_stations":61,"CdUH_N1":"113","type_source":"APPROX_BBOX"}},{"type":"Feature","geometry":{"type":"Polygon","coordinates":[[[-1.691,46.7229],[2.4889,46.7229],[2.4889,48.5154],[-1.691,48.5154],[-1.691,46.7229]]]},"properties":{"CdUH":"113AC","code":"113AC","LbUH":"Unite hydrogeologique 113AC","nom":"Unite hydrogeologique 113AC","NatureUH":"LIBRE","nature":"LIBRE","nb_stations":7,"CdUH_N1":"113","type_source":"APPROX_BBOX"}},{"type":"Feature","geometry":{"type":"Polygon","coordinates":[[[-2.1565,46.8643],[-1.3257,46.8643],[-1.3257,47.5919],[-2.1565,47.5919],[-2.1565,46.8643]]]},"properties":{"CdUH":"113AF","code":"113AF","LbUH":"Unite hydrogeologique 113AF","nom":"Unite hydrogeologique 113AF","NatureUH":"LIBRE","nature":"LIBRE","nb_stations":10,"CdUH_N1":"113","type_source":"APPROX_BBOX"}},{"type":"Feature","geometry":{"type":"Polygon","coordinates":[[[2.2665,48.6829],[2.7642,48.6829],[2.7642,49.0046],[2.2665,49.0046],[2.2665,48.6829]]]},"properties":{"CdUH":"113AG","code":"113AG","LbUH":"Unite hydrogeologique 113AG","nom":"Unite hydrogeologique 113AG","NatureUH":"LIBRE","nature":"LIBRE","nb_stations":2,"CdUH_N1":"113","type_source":"APPROX_BBOX"}},{"type":"Feature","geometry":{"type":"Polygon","coordinates":[[[2.1694,48.4164],[3.303,48.4164],[3.303,49.0259],[2.1694,49.0259],[2.1694,48.4164]]]},"properties":{"CdUH":"113AI","code":"113AI","LbUH":"Unite hydrogeologique 113AI","nom":"Unite hydrogeologique 113AI","NatureUH":"LIBRE","nature":"LIBRE","nb_stations":3,"CdUH_N1":"113","type_source":"APPROX_BBOX"}},{"type":"Feature","geometry":{"type":"Polygon","coordinates":[[[1.3305,48.4121],[3.4504,48.4121],[3.4504,49.2236],[1.3305,49.2236],[1.3305,48.4121]]]},"properties":{"CdUH":"113AK","code":"113AK","LbUH":"Unite hydrogeologique 113AK","nom":"Unite hydrogeologique 113AK","NatureUH":"LIBRE","nature":"LIBRE","nb_stations":40,"CdUH_N1":"113","type_source":"APPROX_BBOX"}},{"type":"Feature","geometry":{"type":"Polygon","coordinates":[[[3.1788,45.5054],[4.4063,45.5054],[4.4063,46.9815],[3.1788,46.9815],[3.1788,45.5054]]]},"properties":{"CdUH":"113AL","code":"113AL","LbUH":"Unite hydrogeologique 113AL","nom":"Unite hydrogeologique 113AL","NatureUH":"LIBRE","nature":"LIBRE","nb_stations":6,"CdUH_N1":"113","type_source":"APPROX_BBOX"}},{"type":"Feature","geometry":{"type":"Polygon","coordinates":[[[1.4335,48.4716],[3.9738,48.4716],[3.9738,49.2286],[1.4335,49.2286],[1.4335,48.4716]]]},"properties":{"CdUH":"113AO","code":"113AO","LbUH":"Unite hydrogeologique 113AO","nom":"Unite hydrogeologique 113AO","NatureUH":"LIBRE","nature":"LIBRE","nb_stations":54,"CdUH_N1":"113","type_source":"APPROX_BBOX"}},{"type":"Feature","geometry":{"type":"Polygon","coordinates":[[[1.7436,48.6228],[3.636,48.6228],[3.636,49.5521],[1.7436,49.5521],[1.7436,48.6228]]]},"properties":{"CdUH":"113AQ","code":"113AQ","LbUH":"Unite hydrogeologique 113AQ","nom":"Unite hydrogeologique 113AQ","NatureUH":"LIBRE","nature":"LIBRE","nb_stations":66,"CdUH_N1":"113","type_source":"APPROX_BBOX"}},{"type":"Feature","geometry":{"type":"Polygon","coordinates":[[[2.3206,48.8327],[2.5206,48.8327],[2.5206,49.0327],[2.3206,49.0327],[2.3206,48.8327]]]},"properties":{"CdUH":"113AT","code":"113AT","LbUH":"Unite hydrogeologique 113AT","nom":"Unite hydrogeologique 113AT","NatureUH":"LIBRE","nature":"LIBRE","nb_stations":1,"CdUH_N1":"113","type_source":"APPROX_BBOX"}},{"type":"Feature","geometry":{"type":"Polygon","coordinates":[[[2.105,48.4654],[3.5953,48.4654],[3.5953,49.6729],[2.105,49.6729],[2.105,48.4654]]]},"properties":{"CdUH":"113AV","code":"113AV","LbUH":"Unite hydrogeologique 113AV","nom":"Unite hydrogeologique 113AV","NatureUH":"LIBRE","nature":"LIBRE","nb_stations":53,"CdUH_N1":"113","type_source":"APPROX_BBOX"}},{"type":"Feature","geometry":{"type":"Polygon","coordinates":[[[1.5813,48.4992],[3.7473,48.4992],[3.7473,49.0871],[1.5813,49.0871],[1.5813,48.4992]]]},"properties":{"CdUH":"113BA","code":"113BA","LbUH":"Unite hydrogeologique 113BA","nom":"Unite hydrogeologique 113BA","NatureUH":"CAPTIF","nature":"CAPTIF","nb_stations":30,"CdUH_N1":"113","type_source":"APPROX_BBOX"}},{"type":"Feature","geometry":{"type":"Polygon","coordinates":[[[2.179,46.1014],[2.379,46.1014],[2.379,46.3014],[2.179,46.3014],[2.179,46.1014]]]},"properties":{"CdUH":"113CR","code":"113CR","LbUH":"Unite hydrogeologique 113CR","nom":"Unite hydrogeologique 113CR","NatureUH":"MULTICOUCHE","nature":"MULTICOUCHE","nb_stations":1,"CdUH_N1":"113","type_source":"APPROX_BBOX"}},{"type":"Feature","geometry":{"type":"Polygon","coordinates":[[[2.1539,48.3444],[3.4424,48.3444],[3.4424,49.0486],[2.1539,49.0486],[2.1539,48.3444]]]},"properties":{"CdUH":"117AC","code":"117AC","LbUH":"Unite hydrogeologique 117AC","nom":"Unite hydrogeologique 117AC","NatureUH":"LIBRE","nature":"LIBRE","nb_stations":15,"CdUH_N1":"117","type_source":"APPROX_BBOX"}},{"type":"Feature","geometry":{"type":"Polygon","coordinates":[[[2.058,49.9522],[3.6077,49.9522],[3.6077,51.0346],[2.058,51.0346],[2.058,49.9522]]]},"properties":{"CdUH":"119AA","code":"119AA","LbUH":"Unite hydrogeologique 119AA","nom":"Unite hydrogeologique 119AA","NatureUH":"LIBRE","nature":"LIBRE","nb_stations":60,"CdUH_N1":"119","type_source":"APPROX_BBOX"}},{"type":"Feature","geometry":{"type":"Polygon","coordinates":[[[2.0758,48.5695],[3.7971,48.5695],[3.7971,49.4425],[2.0758,49.4425],[2.0758,48.5695]]]},"properties":{"CdUH":"119AC","code":"119AC","LbUH":"Unite hydrogeologique 119AC","nom":"Unite hydrogeologique 119AC","NatureUH":"LIBRE","nature":"LIBRE","nb_stations":12,"CdUH_N1":"119","type_source":"APPROX_BBOX"}},{"type":"Feature","geometry":{"type":"Polygon","coordinates":[[[0.6456,46.947],[3.6795,46.947],[3.6795,48.8735],[0.6456,48.8735],[0.6456,46.947]]]},"properties":{"CdUH":"119AE","code":"119AE","LbUH":"Unite hydrogeologique 119AE","nom":"Unite hydrogeologique 119AE","NatureUH":"LIBRE","nature":"LIBRE","nb_stations":14,"CdUH_N1":"119","type_source":"APPROX_BBOX"}},{"type":"Feature","geometry":{"type":"Polygon","coordinates":[[[3.5482,49.9533],[3.7482,49.9533],[3.7482,50.1533],[3.5482,50.1533],[3.5482,49.9533]]]},"properties":{"CdUH":"119AI","code":"119AI","LbUH":"Unite hydrogeologique 119AI","nom":"Unite hydrogeologique 119AI","NatureUH":"LIBRE","nature":"LIBRE","nb_stations":1,"CdUH_N1":"119","type_source":"APPROX_BBOX"}},{"type":"Feature","geometry":{"type":"Polygon","coordinates":[[[3.0754,50.5873],[3.2754,50.5873],[3.2754,50.7873],[3.0754,50.7873],[3.0754,50.5873]]]},"properties":{"CdUH":"121,1","code":"121,1","LbUH":"Unite hydrogeologique 121,1","nom":"Unite hydrogeologique 121,1","NatureUH":"INDIFFERENCIE","nature":"INDIFFERENCIE","nb_stations":1,"CdUH_N1":"121","type_source":"APPROX_BBOX"}},{"type":"Feature","geometry":{"type":"Polygon","coordinates":[[[-0.1329,47.412],[1.5202,47.412],[1.5202,48.4619],[-0.1329,48.4619],[-0.1329,47.412]]]},"properties":{"CdUH":"121AA","code":"121AA","LbUH":"Unite hydrogeologique 121AA","nom":"Unite hydrogeologique 121AA","NatureUH":"LIBRE","nature":"LIBRE","nb_stations":17,"CdUH_N1":"121","type_source":"APPROX_BBOX"}},{"type":"Feature","geometry":{"type":"Polygon","coordinates":[[[-0.204,46.9737],[1.7085,46.9737],[1.7085,47.812],[-0.204,47.812],[-0.204,46.9737]]]},"properties":{"CdUH":"121AB","code":"121AB","LbUH":"Unite hydrogeologique 121AB","nom":"Unite hydrogeologique 121AB","NatureUH":"LIBRE","nature":"LIBRE","nb_stations":32,"CdUH_N1":"121","type_source":"APPROX_BBOX"}},{"type":"Feature","geometry":{"type":"Polygon","coordinates":[[[0.3847,46.8843],[1.3336,46.8843],[1.3336,47.3085],[0.3847,47.3085],[0.3847,46.8843]]]},"properties":{"CdUH":"121AC","code":"121AC","LbUH":"Unite hydrogeologique 121AC","nom":"Unite hydrogeologique 121AC","NatureUH":"LIBRE","nature":"LIBRE","nb_stations":4,"CdUH_N1":"121","type_source":"APPROX_BBOX"}},{"type":"Feature","geometry":{"type":"Polygon","coordinates":[[[-0.4177,46.7516],[1.1694,46.7516],[1.1694,47.3945],[-0.4177,47.3945],[-0.4177,46.7516]]]},"properties":{"CdUH":"121AD","code":"121AD","LbUH":"Unite hydrogeologique 121AD","nom":"Unite hydrogeologique 121AD","NatureUH":"LIBRE","nature":"LIBRE","nb_stations":5,"CdUH_N1":"121","type_source":"APPROX_BBOX"}},{"type":"Feature","geometry":{"type":"Polygon","coordinates":[[[-2.3401,46.668],[-1.7671,46.668],[-1.7671,47.0904],[-2.3401,47.0904],[-2.3401,46.668]]]},"properties":{"CdUH":"121AF","code":"121AF","LbUH":"Unite hydrogeologique 121AF","nom":"Unite hydrogeologique 121AF","NatureUH":"LIBRE","nature":"LIBRE","nb_stations":3,"CdUH_N1":"121","type_source":"APPROX_BBOX"}},{"type":"Feature","geometry":{"type":"Polygon","coordinates":[[[1.721,49.2424],[2.7147,49.2424],[2.7147,49.7166],[1.721,49.7166],[1.721,49.2424]]]},"properties":{"CdUH":"121AJ","code":"121AJ","LbUH":"Unite hydrogeologique 121AJ","nom":"Unite hydrogeologique 121AJ","NatureUH":"LIBRE","nature":"LIBRE","nb_stations":10,"CdUH_N1":"121","type_source":"APPROX_BBOX"}},{"type":"Feature","geometry":{"type":"Polygon","coordinates":[[[2.3981,49.3226],[4.1469,49.3226],[4.1469,50.4293],[2.3981,50.4293],[2.3981,49.3226]]]},"properties":{"CdUH":"121AK","code":"121AK","LbUH":"Unite hydrogeologique 121AK","nom":"Unite hydrogeologique 121AK","NatureUH":"LIBRE","nature":"LIBRE","nb_stations":19,"CdUH_N1":"121","type_source":"APPROX_BBOX"}},{"type":"Feature","geometry":{"type":"Polygon","coordinates":[[[3.3486,49.4723],[4.1459,49.4723],[4.1459,50.0951],[3.3486,50.0951],[3.3486,49.4723]]]},"properties":{"CdUH":"121AL","code":"121AL","LbUH":"Unite hydrogeologique 121AL","nom":"Unite hydrogeologique 121AL","NatureUH":"LIBRE","nature":"LIBRE","nb_stations":16,"CdUH_N1":"121","type_source":"APPROX_BBOX"}},{"type":"Feature","geometry":{"type":"Polygon","coordinates":[[[3.7637,48.9246],[4.6831,48.9246],[4.6831,49.7074],[3.7637,49.7074],[3.7637,48.9246]]]},"properties":{"CdUH":"121AM","code":"121AM","LbUH":"Unite hydrogeologique 121AM","nom":"Unite hydrogeologique 121AM","NatureUH":"LIBRE","nature":"LIBRE","nb_stations":43,"CdUH_N1":"121","type_source":"APPROX_BBOX"}},{"type":"Feature","geometry":{"type":"Polygon","coordinates":[[[3.8398,48.6031],[4.7653,48.6031],[4.7653,49.1668],[3.8398,49.1668],[3.8398,48.6031]]]},"properties":{"CdUH":"121AN","code":"121AN","LbUH":"Unite hydrogeologique 121AN","nom":"Unite hydrogeologique 121AN","NatureUH":"LIBRE","nature":"LIBRE","nb_stations":27,"CdUH_N1":"121","type_source":"APPROX_BBOX"}},{"type":"Feature","geometry":{"type":"Polygon","coordinates":[[[3.5196,48.0695],[4.6417,48.0695],[4.6417,48.8832],[3.5196,48.8832],[3.5196,48.0695]]]},"properties":{"CdUH":"121AO","code":"121AO","LbUH":"Unite hydrogeologique 121AO","nom":"Unite hydrogeologique 121AO","NatureUH":"LIBRE","nature":"LIBRE","nb_stations":82,"CdUH_N1":"121","type_source":"APPROX_BBOX"}},{"type":"Feature","geometry":{"type":"Polygon","coordinates":[[[1.3326,47.5552],[2.8825,47.5552],[2.8825,49.1927],[1.3326,49.1927],[1.3326,47.5552]]]},"properties":{"CdUH":"121AP","code":"121AP","LbUH":"Unite hydrogeologique 121AP","nom":"Unite hydrogeologique 121AP","NatureUH":"LIBRE","nature":"LIBRE","nb_stations":43,"CdUH_N1":"121","type_source":"APPROX_BBOX"}},{"type":"Feature","geometry":{"type":"Polygon","coordinates":[[[3.0325,47.895],[4.028,47.895],[4.028,48.6426],[3.0325,48.6426],[3.0325,47.895]]]},"properties":{"CdUH":"121AQ","code":"121AQ","LbUH":"Unite hydrogeologique 121AQ","nom":"Unite hydrogeologique 121AQ","NatureUH":"LIBRE","nature":"LIBRE","nb_stations":54,"CdUH_N1":"121","type_source":"APPROX_BBOX"}},{"type":"Feature","geometry":{"type":"Polygon","coordinates":[[[2.5832,47.5839],[3.1017,47.5839],[3.1017,48.373],[2.5832,48.373],[2.5832,47.5839]]]},"properties":{"CdUH":"121AR","code":"121AR","LbUH":"Unite hydrogeologique 121AR","nom":"Unite hydrogeologique 121AR","NatureUH":"LIBRE","nature":"LIBRE","nb_stations":9,"CdUH_N1":"121","type_source":"APPROX_BBOX"}},{"type":"Feature","geometry":{"type":"Polygon","coordinates":[[[0.6472,48.2592],[1.8811,48.2592],[1.8811,49.1945],[0.6472,49.1945],[0.6472,48.2592]]]},"properties":{"CdUH":"121AS","code":"121AS","LbUH":"Unite hydrogeologique 121AS","nom":"Unite hydrogeologique 121AS","NatureUH":"LIBRE","nature":"LIBRE","nb_stations":32,"CdUH_N1":"121","type_source":"APPROX_BBOX"}},{"type":"Feature","geometry":{"type":"Polygon","coordinates":[[[0.1681,49.1866],[1.3574,49.1866],[1.3574,49.7497],[0.1681,49.7497],[0.1681,49.1866]]]},"properties":{"CdUH":"121AU","code":"121AU","LbUH":"Unite hydrogeologique 121AU","nom":"Unite hydrogeologique 121AU","NatureUH":"LIBRE","nature":"LIBRE","nb_stations":21,"CdUH_N1":"121","type_source":"APPROX_BBOX"}},{"type":"Feature","geometry":{"type":"Polygon","coordinates":[[[0.2784,49.5328],[2.3353,49.5328],[2.3353,50.4756],[0.2784,50.4756],[0.2784,49.5328]]]},"properties":{"CdUH":"121AV","code":"121AV","LbUH":"Unite hydrogeologique 121AV","nom":"Unite hydrogeologique 121AV","NatureUH":"LIBRE","nature":"LIBRE","nb_stations":56,"CdUH_N1":"121","type_source":"APPROX_BBOX"}},{"type":"Feature","geometry":{"type":"Polygon","coordinates":[[[0.3656,48.8632],[0.9469,48.8632],[0.9469,49.4802],[0.3656,49.4802],[0.3656,48.8632]]]},"properties":{"CdUH":"121AW","code":"121AW","LbUH":"Unite hydrogeologique 121AW","nom":"Unite hydrogeologique 121AW","NatureUH":"LIBRE","nature":"LIBRE","nb_stations":6,"CdUH_N1":"121","type_source":"APPROX_BBOX"}},{"type":"Feature","geometry":{"type":"Polygon","coordinates":[[[2.2767,47.361],[2.932,47.361],[2.932,47.7609],[2.2767,47.7609],[2.2767,47.361]]]},"properties":{"CdUH":"121AY","code":"121AY","LbUH":"Unite hydrogeologique 121AY","nom":"Unite hydrogeologique 121AY","NatureUH":"LIBRE","nature":"LIBRE","nb_stations":4,"CdUH_N1":"121","type_source":"APPROX_BBOX"}},{"type":"Feature","geometry":{"type":"Polygon","coordinates":[[[1.112,48.8517],[2.4704,48.8517],[2.4704,49.7043],[1.112,49.7043],[1.112,48.8517]]]},"properties":{"CdUH":"121AZ","code":"121AZ","LbUH":"Unite hydrogeologique 121AZ","nom":"Unite hydrogeologique 121AZ","NatureUH":"LIBRE","nature":"LIBRE","nb_stations":28,"CdUH_N1":"121","type_source":"APPROX_BBOX"}},{"type":"Feature","geometry":{"type":"Polygon","coordinates":[[[1.9084,50.2293],[4.1469,50.2293],[4.1469,50.8058],[1.9084,50.8058],[1.9084,50.2293]]]},"properties":{"CdUH":"121BA","code":"121BA","LbUH":"Unite hydrogeologique 121BA","nom":"Unite hydrogeologique 121BA","NatureUH":"CAPTIF","nature":"CAPTIF","nb_stations":4,"CdUH_N1":"121","type_source":"APPROX_BBOX"}},{"type":"Feature","geometry":{"type":"Polygon","coordinates":[[[1.3583,49.4486],[3.552,49.4486],[3.552,50.378],[1.3583,50.378],[1.3583,49.4486]]]},"properties":{"CdUH":"121BB","code":"121BB","LbUH":"Unite hydrogeologique 121BB","nom":"Unite hydrogeologique 121BB","NatureUH":"CAPTIF","nature":"CAPTIF","nb_stations":193,"CdUH_N1":"121","type_source":"APPROX_BBOX"}},{"type":"Feature","geometry":{"type":"Polygon","coordinates":[[[1.5405,49.994],[2.6736,49.994],[2.6736,50.6991],[1.5405,50.6991],[1.5405,49.994]]]},"properties":{"CdUH":"121BC","code":"121BC","LbUH":"Unite hydrogeologique 121BC","nom":"Unite hydrogeologique 121BC","NatureUH":"CAPTIF","nature":"CAPTIF","nb_stations":39,"CdUH_N1":"121","type_source":"APPROX_BBOX"}},{"type":"Feature","geometry":{"type":"Polygon","coordinates":[[[1.6991,49.9131],[4.1469,49.9131],[4.1469,51.0351],[1.6991,51.0351],[1.6991,49.9131]]]},"properties":{"CdUH":"121BD","code":"121BD","LbUH":"Unite hydrogeologique 121BD","nom":"Unite hydrogeologique 121BD","NatureUH":"CAPTIF","nature":"CAPTIF","nb_stations":402,"CdUH_N1":"121","type_source":"APPROX_BBOX"}},{"type":"Feature","geometry":{"type":"Polygon","coordinates":[[[-0.1225,46.8835],[2.6899,46.8835],[2.6899,47.8638],[-0.1225,47.8638],[-0.1225,46.8835]]]},"properties":{"CdUH":"123AA","code":"123AA","LbUH":"Unite hydrogeologique 123AA","nom":"Unite hydrogeologique 123AA","NatureUH":"LIBRE","nature":"LIBRE","nb_stations":4,"CdUH_N1":"123","type_source":"APPROX_BBOX"}},{"type":"Feature","geometry":{"type":"Polygon","coordinates":[[[-0.4539,47.6126],[0.6433,47.6126],[0.6433,48.1726],[-0.4539,48.1726],[-0.4539,47.6126]]]},"properties":{"CdUH":"123AB","code":"123AB","LbUH":"Unite hydrogeologique 123AB","nom":"Unite hydrogeologique 123AB","NatureUH":"LIBRE","nature":"LIBRE","nb_stations":6,"CdUH_N1":"123","type_source":"APPROX_BBOX"}},{"type":"Feature","geometry":{"type":"Polygon","coordinates":[[[-0.456,47.4209],[1.3344,47.4209],[1.3344,48.7244],[-0.456,48.7244],[-0.456,47.4209]]]},"properties":{"CdUH":"123AC","code":"123AC","LbUH":"Unite hydrogeologique 123AC","nom":"Unite hydrogeologique 123AC","NatureUH":"LIBRE","nature":"LIBRE","nb_stations":31,"CdUH_N1":"123","type_source":"APPROX_BBOX"}},{"type":"Feature","geometry":{"type":"Polygon","coordinates":[[[-0.5315,46.8143],[2.6243,46.8143],[2.6243,47.6915],[-0.5315,47.6915],[-0.5315,46.8143]]]},"properties":{"CdUH":"123AE","code":"123AE","LbUH":"Unite hydrogeologique 123AE","nom":"Unite hydrogeologique 123AE","NatureUH":"LIBRE","nature":"LIBRE","nb_stations":55,"CdUH_N1":"123","type_source":"APPROX_BBOX"}},{"type":"Feature","geometry":{"type":"Polygon","coordinates":[[[0.2194,46.5711],[0.946,46.5711],[0.946,47.1681],[0.2194,47.1681],[0.2194,46.5711]]]},"properties":{"CdUH":"123AG","code":"123AG","LbUH":"Unite hydrogeologique 123AG","nom":"Unite hydrogeologique 123AG","NatureUH":"LIBRE","nature":"LIBRE","nb_stations":7,"CdUH_N1":"123","type_source":"APPROX_BBOX"}},{"type":"Feature","geometry":{"type":"Polygon","coordinates":[[[1.5136,50.3385],[2.6372,50.3385],[2.6372,51.0172],[1.5136,51.0172],[1.5136,50.3385]]]},"properties":{"CdUH":"123AK","code":"123AK","LbUH":"Unite hydrogeologique 123AK","nom":"Unite hydrogeologique 123AK","NatureUH":"LIBRE","nature":"LIBRE","nb_stations":26,"CdUH_N1":"123","type_source":"APPROX_BBOX"}},{"type":"Feature","geometry":{"type":"Polygon","coordinates":[[[0.4912,48.0921],[1.0361,48.0921],[1.0361,48.6766],[0.4912,48.6766],[0.4912,48.0921]]]},"properties":{"CdUH":"123BA","code":"123BA","LbUH":"Unite hydrogeologique 123BA","nom":"Unite hydrogeologique 123BA","NatureUH":"CAPTIF","nature":"CAPTIF","nb_stations":6,"CdUH_N1":"123","type_source":"APPROX_BBOX"}},{"type":"Feature","geometry":{"type":"Polygon","coordinates":[[[1.9866,49.2419],[2.1866,49.2419],[2.1866,49.4419],[1.9866,49.4419],[1.9866,49.2419]]]},"properties":{"CdUH":"123BJ","code":"123BJ","LbUH":"Unite hydrogeologique 123BJ","nom":"Unite hydrogeologique 123BJ","NatureUH":"CAPTIF","nature":"CAPTIF","nb_stations":1,"CdUH_N1":"123","type_source":"APPROX_BBOX"}},{"type":"Feature","geometry":{"type":"Polygon","coordinates":[[[3.3016,47.818],[3.5798,47.818],[3.5798,48.1525],[3.3016,48.1525],[3.3016,47.818]]]},"properties":{"CdUH":"123BQ","code":"123BQ","LbUH":"Unite hydrogeologique 123BQ","nom":"Unite hydrogeologique 123BQ","NatureUH":"CAPTIF","nature":"CAPTIF","nb_stations":2,"CdUH_N1":"123","type_source":"APPROX_BBOX"}},{"type":"Feature","geometry":{"type":"Polygon","coordinates":[[[3.0177,47.5456],[3.2177,47.5456],[3.2177,47.7456],[3.0177,47.7456],[3.0177,47.5456]]]},"properties":{"CdUH":"123BR","code":"123BR","LbUH":"Unite hydrogeologique 123BR","nom":"Unite hydrogeologique 123BR","NatureUH":"CAPTIF","nature":"CAPTIF","nb_stations":1,"CdUH_N1":"123","type_source":"APPROX_BBOX"}},{"type":"Feature","geometry":{"type":"Polygon","coordinates":[[[0.5514,48.4903],[0.7514,48.4903],[0.7514,48.6903],[0.5514,48.6903],[0.5514,48.4903]]]},"properties":{"CdUH":"123BS","code":"123BS","LbUH":"Unite hydrogeologique 123BS","nom":"Unite hydrogeologique 123BS","NatureUH":"CAPTIF","nature":"CAPTIF","nb_stations":1,"CdUH_N1":"123","type_source":"APPROX_BBOX"}},{"type":"Feature","geometry":{"type":"Polygon","coordinates":[[[0.391,49.467],[0.9308,49.467],[0.9308,49.6769],[0.391,49.6769],[0.391,49.467]]]},"properties":{"CdUH":"123BU","code":"123BU","LbUH":"Unite hydrogeologique 123BU","nom":"Unite hydrogeologique 123BU","NatureUH":"CAPTIF","nature":"CAPTIF","nb_stations":2,"CdUH_N1":"123","type_source":"APPROX_BBOX"}},{"type":"Feature","geometry":{"type":"Polygon","coordinates":[[[1.0832,49.6292],[1.7416,49.6292],[1.7416,50.0492],[1.0832,50.0492],[1.0832,49.6292]]]},"properties":{"CdUH":"123BV","code":"123BV","LbUH":"Unite hydrogeologique 123BV","nom":"Unite hydrogeologique 123BV","NatureUH":"CAPTIF","nature":"CAPTIF","nb_stations":6,"CdUH_N1":"123","type_source":"APPROX_BBOX"}},{"type":"Feature","geometry":{"type":"Polygon","coordinates":[[[0.3115,48.6664],[0.9761,48.6664],[0.9761,49.4605],[0.3115,49.4605],[0.3115,48.6664]]]},"properties":{"CdUH":"123BW","code":"123BW","LbUH":"Unite hydrogeologique 123BW","nom":"Unite hydrogeologique 123BW","NatureUH":"CAPTIF","nature":"CAPTIF","nb_stations":4,"CdUH_N1":"123","type_source":"APPROX_BBOX"}},{"type":"Feature","geometry":{"type":"Polygon","coordinates":[[[-0.0838,48.9531],[0.3977,48.9531],[0.3977,49.3679],[-0.0838,49.3679],[-0.0838,48.9531]]]},"properties":{"CdUH":"123BX","code":"123BX","LbUH":"Unite hydrogeologique 123BX","nom":"Unite hydrogeologique 123BX","NatureUH":"CAPTIF","nature":"CAPTIF","nb_stations":6,"CdUH_N1":"123","type_source":"APPROX_BBOX"}},{"type":"Feature","geometry":{"type":"Polygon","coordinates":[[[2.4717,47.3899],[2.6717,47.3899],[2.6717,47.5899],[2.4717,47.5899],[2.4717,47.3899]]]},"properties":{"CdUH":"123BY","code":"123BY","LbUH":"Unite hydrogeologique 123BY","nom":"Unite hydrogeologique 123BY","NatureUH":"CAPTIF","nature":"CAPTIF","nb_stations":1,"CdUH_N1":"123","type_source":"APPROX_BBOX"}},{"type":"Feature","geometry":{"type":"Polygon","coordinates":[[[4.7569,48.8782],[5.0192,48.8782],[5.0192,49.2681],[4.7569,49.2681],[4.7569,48.8782]]]},"properties":{"CdUH":"123CA","code":"123CA","LbUH":"Unite hydrogeologique 123CA","nom":"Unite hydrogeologique 123CA","NatureUH":"MULTICOUCHE","nature":"MULTICOUCHE","nb_stations":2,"CdUH_N1":"123","type_source":"APPROX_BBOX"}},{"type":"Feature","geometry":{"type":"Polygon","coordinates":[[[0.3488,49.3608],[0.7305,49.3608],[0.7305,49.7118],[0.3488,49.7118],[0.3488,49.3608]]]},"properties":{"CdUH":"125AA","code":"125AA","LbUH":"Unite hydrogeologique 125AA","nom":"Unite hydrogeologique 125AA","NatureUH":"LIBRE","nature":"LIBRE","nb_stations":5,"CdUH_N1":"125","type_source":"APPROX_BBOX"}},{"type":"Feature","geometry":{"type":"Polygon","coordinates":[[[0.1927,47.0912],[4.8008,47.0912],[4.8008,49.8954],[0.1927,49.8954],[0.1927,47.0912]]]},"properties":{"CdUH":"127AA","code":"127AA","LbUH":"Unite hydrogeologique 127AA","nom":"Unite hydrogeologique 127AA","NatureUH":"LIBRE","nature":"LIBRE","nb_stations":85,"CdUH_N1":"127","type_source":"APPROX_BBOX"}},{"type":"Feature","geometry":{"type":"Polygon","coordinates":[[[4.552,48.2415],[5.0015,48.2415],[5.0015,48.8922],[4.552,48.8922],[4.552,48.2415]]]},"properties":{"CdUH":"127AC","code":"127AC","LbUH":"Unite hydrogeologique 127AC","nom":"Unite hydrogeologique 127AC","NatureUH":"LIBRE","nature":"LIBRE","nb_stations":6,"CdUH_N1":"127","type_source":"APPROX_BBOX"}},{"type":"Feature","geometry":{"type":"Polygon","coordinates":[[[1.7991,47.38],[5.4811,47.38],[5.4811,49.5661],[1.7991,49.5661],[1.7991,47.38]]]},"properties":{"CdUH":"131AA","code":"131AA","LbUH":"Unite hydrogeologique 131AA","nom":"Unite hydrogeologique 131AA","NatureUH":"LIBRE","nature":"LIBRE","nb_stations":71,"CdUH_N1":"131","type_source":"APPROX_BBOX"}},{"type":"Feature","geometry":{"type":"Polygon","coordinates":[[[4.9694,48.3909],[5.5669,48.3909],[5.5669,49.4128],[4.9694,49.4128],[4.9694,48.3909]]]},"properties":{"CdUH":"133AA","code":"133AA","LbUH":"Unite hydrogeologique 133AA","nom":"Unite hydrogeologique 133AA","NatureUH":"LIBRE","nature":"LIBRE","nb_stations":10,"CdUH_N1":"133","type_source":"APPROX_BBOX"}},{"type":"Feature","geometry":{"type":"Polygon","coordinates":[[[0.055,46.9522],[5.7836,46.9522],[5.7836,50.9409],[0.055,50.9409],[0.055,46.9522]]]},"properties":{"CdUH":"135AA","code":"135AA","LbUH":"Unite hydrogeologique 135AA","nom":"Unite hydrogeologique 135AA","NatureUH":"LIBRE","nature":"LIBRE","nb_stations":108,"CdUH_N1":"135","type_source":"APPROX_BBOX"}},{"type":"Feature","geometry":{"type":"Polygon","coordinates":[[[1.3417,46.7269],[3.1677,46.7269],[3.1677,47.396],[1.3417,47.396],[1.3417,46.7269]]]},"properties":{"CdUH":"135AC","code":"135AC","LbUH":"Unite hydrogeologique 135AC","nom":"Unite hydrogeologique 135AC","NatureUH":"LIBRE","nature":"LIBRE","nb_stations":29,"CdUH_N1":"135","type_source":"APPROX_BBOX"}},{"type":"Feature","geometry":{"type":"Polygon","coordinates":[[[-0.0037,46.5743],[1.0851,46.5743],[1.0851,47.0106],[-0.0037,47.0106],[-0.0037,46.5743]]]},"properties":{"CdUH":"135AE","code":"135AE","LbUH":"Unite hydrogeologique 135AE","nom":"Unite hydrogeologique 135AE","NatureUH":"LIBRE","nature":"LIBRE","nb_stations":7,"CdUH_N1":"135","type_source":"APPROX_BBOX"}},{"type":"Feature","geometry":{"type":"Polygon","coordinates":[[[-0.2535,47.0313],[5.739,47.0313],[5.739,48.9554],[-0.2535,48.9554],[-0.2535,47.0313]]]},"properties":{"CdUH":"137AB","code":"137AB","LbUH":"Unite hydrogeologique 137AB","nom":"Unite hydrogeologique 137AB","NatureUH":"LIBRE","nature":"LIBRE","nb_stations":2,"CdUH_N1":"137","type_source":"APPROX_BBOX"}},{"type":"Feature","geometry":{"type":"Polygon","coordinates":[[[-0.9994,48.5433],[0.3479,48.5433],[0.3479,49.4732],[-0.9994,49.4732],[-0.9994,48.5433]]]},"properties":{"CdUH":"139AC","code":"139AC","LbUH":"Unite hydrogeologique 139AC","nom":"Unite hydrogeologique 139AC","NatureUH":"LIBRE","nature":"LIBRE","nb_stations":28,"CdUH_N1":"139","type_source":"APPROX_BBOX"}},{"type":"Feature","geometry":{"type":"Polygon","coordinates":[[[-0.1906,46.462],[2.8152,46.462],[2.8152,48.5397],[-0.1906,48.5397],[-0.1906,46.462]]]},"properties":{"CdUH":"139AD","code":"139AD","LbUH":"Unite hydrogeologique 139AD","nom":"Unite hydrogeologique 139AD","NatureUH":"LIBRE","nature":"LIBRE","nb_stations":14,"CdUH_N1":"139","type_source":"APPROX_BBOX"}},{"type":"Feature","geometry":{"type":"Polygon","coordinates":[[[-0.1835,46.1096],[1.0125,46.1096],[1.0125,47.0751],[-0.1835,47.0751],[-0.1835,46.1096]]]},"properties":{"CdUH":"139AE","code":"139AE","LbUH":"Unite hydrogeologique 139AE","nom":"Unite hydrogeologique 139AE","NatureUH":"LIBRE","nature":"LIBRE","nb_stations":21,"CdUH_N1":"139","type_source":"APPROX_BBOX"}},{"type":"Feature","geometry":{"type":"Polygon","coordinates":[[[-0.242,47.0286],[0.3615,47.0286],[0.3615,48.4318],[-0.242,48.4318],[-0.242,47.0286]]]},"properties":{"CdUH":"139AF","code":"139AF","LbUH":"Unite hydrogeologique 139AF","nom":"Unite hydrogeologique 139AF","NatureUH":"LIBRE","nature":"LIBRE","nb_stations":5,"CdUH_N1":"139","type_source":"APPROX_BBOX"}},{"type":"Feature","geometry":{"type":"Polygon","coordinates":[[[1.51,47.3569],[6.1696,47.3569],[6.1696,50.9222],[1.51,50.9222],[1.51,47.3569]]]},"properties":{"CdUH":"139AM","code":"139AM","LbUH":"Unite hydrogeologique 139AM","nom":"Unite hydrogeologique 139AM","NatureUH":"LIBRE","nature":"LIBRE","nb_stations":36,"CdUH_N1":"139","type_source":"APPROX_BBOX"}},{"type":"Feature","geometry":{"type":"Polygon","coordinates":[[[-0.6113,46.9584],[3.4062,46.9584],[3.4062,49.3878],[-0.6113,49.3878],[-0.6113,46.9584]]]},"properties":{"CdUH":"139AN","code":"139AN","LbUH":"Unite hydrogeologique 139AN","nom":"Unite hydrogeologique 139AN","NatureUH":"LIBRE","nature":"LIBRE","nb_stations":3,"CdUH_N1":"139","type_source":"APPROX_BBOX"}},{"type":"Feature","geometry":{"type":"Polygon","coordinates":[[[4.8399,47.283],[5.4791,47.283],[5.4791,47.7401],[4.8399,47.7401],[4.8399,47.283]]]},"properties":{"CdUH":"139AO","code":"139AO","LbUH":"Unite hydrogeologique 139AO","nom":"Unite hydrogeologique 139AO","NatureUH":"LIBRE","nature":"LIBRE","nb_stations":8,"CdUH_N1":"139","type_source":"APPROX_BBOX"}},{"type":"Feature","geometry":{"type":"Polygon","coordinates":[[[-1.0281,46.5935],[6.4581,46.5935],[6.4581,49.7003],[-1.0281,49.7003],[-1.0281,46.5935]]]},"properties":{"CdUH":"139AP","code":"139AP","LbUH":"Unite hydrogeologique 139AP","nom":"Unite hydrogeologique 139AP","NatureUH":"LIBRE","nature":"LIBRE","nb_stations":76,"CdUH_N1":"139","type_source":"APPROX_BBOX"}},{"type":"Feature","geometry":{"type":"Polygon","coordinates":[[[3.9148,46.2879],[4.353,46.2879],[4.353,46.6757],[3.9148,46.6757],[3.9148,46.2879]]]},"properties":{"CdUH":"139AZ","code":"139AZ","LbUH":"Unite hydrogeologique 139AZ","nom":"Unite hydrogeologique 139AZ","NatureUH":"LIBRE","nature":"LIBRE","nb_stations":3,"CdUH_N1":"139","type_source":"APPROX_BBOX"}},{"type":"Feature","geometry":{"type":"Polygon","coordinates":[[[-0.44,48.8702],[5.9922,48.8702],[5.9922,49.5944],[-0.44,49.5944],[-0.44,48.8702]]]},"properties":{"CdUH":"141AB","code":"141AB","LbUH":"Unite hydrogeologique 141AB","nom":"Unite hydrogeologique 141AB","NatureUH":"LIBRE","nature":"LIBRE","nb_stations":4,"CdUH_N1":"141","type_source":"APPROX_BBOX"}},{"type":"Feature","geometry":{"type":"Polygon","coordinates":[[[1.5786,46.4733],[6.3465,46.4733],[6.3465,49.522],[1.5786,49.522],[1.5786,46.4733]]]},"properties":{"CdUH":"141AC","code":"141AC","LbUH":"Unite hydrogeologique 141AC","nom":"Unite hydrogeologique 141AC","NatureUH":"LIBRE","nature":"LIBRE","nb_stations":42,"CdUH_N1":"141","type_source":"APPROX_BBOX"}},{"type":"Feature","geometry":{"type":"Polygon","coordinates":[[[-1.3474,46.4543],[6.4858,46.4543],[6.4858,49.9247],[-1.3474,49.9247],[-1.3474,46.4543]]]},"properties":{"CdUH":"141AG","code":"141AG","LbUH":"Unite hydrogeologique 141AG","nom":"Unite hydrogeologique 141AG","NatureUH":"LIBRE","nature":"LIBRE","nb_stations":27,"CdUH_N1":"141","type_source":"APPROX_BBOX"}},{"type":"Feature","geometry":{"type":"Polygon","coordinates":[[[-0.0268,46.0883],[0.5143,46.0883],[0.5143,46.7186],[-0.0268,46.7186],[-0.0268,46.0883]]]},"properties":{"CdUH":"141AK","code":"141AK","LbUH":"Unite hydrogeologique 141AK","nom":"Unite hydrogeologique 141AK","NatureUH":"LIBRE","nature":"LIBRE","nb_stations":8,"CdUH_N1":"141","type_source":"APPROX_BBOX"}},{"type":"Feature","geometry":{"type":"Polygon","coordinates":[[[1.2079,46.4102],[6.4865,46.4102],[6.4865,48.8414],[1.2079,48.8414],[1.2079,46.4102]]]},"properties":{"CdUH":"143AB","code":"143AB","LbUH":"Unite hydrogeologique 143AB","nom":"Unite hydrogeologique 143AB","NatureUH":"LIBRE","nature":"LIBRE","nb_stations":18,"CdUH_N1":"143","type_source":"APPROX_BBOX"}},{"type":"Feature","geometry":{"type":"Polygon","coordinates":[[[1.8824,46.5033],[6.4885,46.5033],[6.4885,48.7427],[1.8824,48.7427],[1.8824,46.5033]]]},"properties":{"CdUH":"143AD","code":"143AD","LbUH":"Unite hydrogeologique 143AD","nom":"Unite hydrogeologique 143AD","NatureUH":"LIBRE","nature":"LIBRE","nb_stations":17,"CdUH_N1":"143","type_source":"APPROX_BBOX"}},{"type":"Feature","geometry":{"type":"Polygon","coordinates":[[[5.7401,48.0324],[7.1198,48.0324],[7.1198,49.1784],[5.7401,49.1784],[5.7401,48.0324]]]},"properties":{"CdUH":"143AE","code":"143AE","LbUH":"Unite hydrogeologique 143AE","nom":"Unite hydrogeologique 143AE","NatureUH":"LIBRE","nature":"LIBRE","nb_stations":14,"CdUH_N1":"143","type_source":"APPROX_BBOX"}},{"type":"Feature","geometry":{"type":"Polygon","coordinates":[[[5.6598,47.8498],[5.8598,47.8498],[5.8598,48.0498],[5.6598,48.0498],[5.6598,47.8498]]]},"properties":{"CdUH":"143AF","code":"143AF","LbUH":"Unite hydrogeologique 143AF","nom":"Unite hydrogeologique 143AF","NatureUH":"LIBRE","nature":"LIBRE","nb_stations":1,"CdUH_N1":"143","type_source":"APPROX_BBOX"}},{"type":"Feature","geometry":{"type":"Polygon","coordinates":[[[5.5683,47.9792],[7.3323,47.9792],[7.3323,49.0629],[5.5683,49.0629],[5.5683,47.9792]]]},"properties":{"CdUH":"143AI","code":"143AI","LbUH":"Unite hydrogeologique 143AI","nom":"Unite hydrogeologique 143AI","NatureUH":"LIBRE","nature":"LIBRE","nb_stations":3,"CdUH_N1":"143","type_source":"APPROX_BBOX"}},{"type":"Feature","geometry":{"type":"Polygon","coordinates":[[[5.4725,47.7221],[7.8118,47.7221],[7.8118,49.5479],[5.4725,49.5479],[5.4725,47.7221]]]},"properties":{"CdUH":"143AK","code":"143AK","LbUH":"Unite hydrogeologique 143AK","nom":"Unite hydrogeologique 143AK","NatureUH":"LIBRE","nature":"LIBRE","nb_stations":416,"CdUH_N1":"143","type_source":"APPROX_BBOX"}},{"type":"Feature","geometry":{"type":"Polygon","coordinates":[[[-1.4999,49.0604],[-0.6139,49.0604],[-0.6139,49.4545],[-1.4999,49.4545],[-1.4999,49.0604]]]},"properties":{"CdUH":"144AA","code":"144AA","LbUH":"Unite hydrogeologique 144AA","nom":"Unite hydrogeologique 144AA","NatureUH":"LIBRE","nature":"LIBRE","nb_stations":3,"CdUH_N1":"144","type_source":"APPROX_BBOX"}},{"type":"Feature","geometry":{"type":"Polygon","coordinates":[[[1.6972,50.0095],[4.1616,50.0095],[4.1616,50.9009],[1.6972,50.9009],[1.6972,50.0095]]]},"properties":{"CdUH":"149AC","code":"149AC","LbUH":"Unite hydrogeologique 149AC","nom":"Unite hydrogeologique 149AC","NatureUH":"LIBRE","nature":"LIBRE","nb_stations":61,"CdUH_N1":"149","type_source":"APPROX_BBOX"}},{"type":"Feature","geometry":{"type":"Polygon","coordinates":[[[2.5721,50.3214],[2.7721,50.3214],[2.7721,50.5214],[2.5721,50.5214],[2.5721,50.3214]]]},"properties":{"CdUH":"149AE","code":"149AE","LbUH":"Unite hydrogeologique 149AE","nom":"Unite hydrogeologique 149AE","NatureUH":"LIBRE","nature":"LIBRE","nb_stations":1,"CdUH_N1":"149","type_source":"APPROX_BBOX"}},{"type":"Feature","geometry":{"type":"Polygon","coordinates":[[[3.9058,49.9424],[4.2756,49.9424],[4.2756,50.3945],[3.9058,50.3945],[3.9058,49.9424]]]},"properties":{"CdUH":"149AG","code":"149AG","LbUH":"Unite hydrogeologique 149AG","nom":"Unite hydrogeologique 149AG","NatureUH":"LIBRE","nature":"LIBRE","nb_stations":8,"CdUH_N1":"149","type_source":"APPROX_BBOX"}},{"type":"Feature","geometry":{"type":"Polygon","coordinates":[[[2.8078,45.5555],[3.0942,45.5555],[3.0942,46.004],[2.8078,46.004],[2.8078,45.5555]]]},"properties":{"CdUH":"153AA","code":"153AA","LbUH":"Unite hydrogeologique 153AA","nom":"Unite hydrogeologique 153AA","NatureUH":"LIBRE","nature":"LIBRE","nb_stations":23,"CdUH_N1":"153","type_source":"APPROX_BBOX"}},{"type":"Feature","geometry":{"type":"Polygon","coordinates":[[[2.6442,45.2966],[3.2313,45.2966],[3.2313,45.7692],[2.6442,45.7692],[2.6442,45.2966]]]},"properties":{"CdUH":"154AA","code":"154AA","LbUH":"Unite hydrogeologique 154AA","nom":"Unite hydrogeologique 154AA","NatureUH":"LIBRE","nature":"LIBRE","nb_stations":4,"CdUH_N1":"154","type_source":"APPROX_BBOX"}},{"type":"Feature","geometry":{"type":"Polygon","coordinates":[[[2.9989,45.1421],[3.1989,45.1421],[3.1989,45.3421],[2.9989,45.3421],[2.9989,45.1421]]]},"properties":{"CdUH":"155AA","code":"155AA","LbUH":"Unite hydrogeologique 155AA","nom":"Unite hydrogeologique 155AA","NatureUH":"LIBRE","nature":"LIBRE","nb_stations":1,"CdUH_N1":"155","type_source":"APPROX_BBOX"}},{"type":"Feature","geometry":{"type":"Polygon","coordinates":[[[2.3674,45.1384],[2.5674,45.1384],[2.5674,45.3384],[2.3674,45.3384],[2.3674,45.1384]]]},"properties":{"CdUH":"156AA","code":"156AA","LbUH":"Unite hydrogeologique 156AA","nom":"Unite hydrogeologique 156AA","NatureUH":"LIBRE","nature":"LIBRE","nb_stations":1,"CdUH_N1":"156","type_source":"APPROX_BBOX"}},{"type":"Feature","geometry":{"type":"Polygon","coordinates":[[[3.5552,44.8218],[3.9183,44.8218],[3.9183,45.2978],[3.5552,45.2978],[3.5552,44.8218]]]},"properties":{"CdUH":"158AA","code":"158AA","LbUH":"Unite hydrogeologique 158AA","nom":"Unite hydrogeologique 158AA","NatureUH":"LIBRE","nature":"LIBRE","nb_stations":8,"CdUH_N1":"158","type_source":"APPROX_BBOX"}},{"type":"Feature","geometry":{"type":"Polygon","coordinates":[[[4.0446,44.8757],[4.2446,44.8757],[4.2446,45.0757],[4.0446,45.0757],[4.0446,44.8757]]]},"properties":{"CdUH":"159AA","code":"159AA","LbUH":"Unite hydrogeologique 159AA","nom":"Unite hydrogeologique 159AA","NatureUH":"LIBRE","nature":"LIBRE","nb_stations":1,"CdUH_N1":"159","type_source":"APPROX_BBOX"}},{"type":"Feature","geometry":{"type":"Polygon","coordinates":[[[2.9463,44.5622],[3.1463,44.5622],[3.1463,44.7622],[2.9463,44.7622],[2.9463,44.5622]]]},"properties":{"CdUH":"160AA","code":"160AA","LbUH":"Unite hydrogeologique 160AA","nom":"Unite hydrogeologique 160AA","NatureUH":"LIBRE","nature":"LIBRE","nb_stations":1,"CdUH_N1":"160","type_source":"APPROX_BBOX"}},{"type":"Feature","geometry":{"type":"Polygon","coordinates":[[[-1.8356,48.8769],[-1.0722,48.8769],[-1.0722,49.5002],[-1.8356,49.5002],[-1.8356,48.8769]]]},"properties":{"CdUH":"161AA","code":"161AA","LbUH":"Unite hydrogeologique 161AA","nom":"Unite hydrogeologique 161AA","NatureUH":"LIBRE","nature":"LIBRE","nb_stations":5,"CdUH_N1":"161","type_source":"APPROX_BBOX"}},{"type":"Feature","geometry":{"type":"Polygon","coordinates":[[[-0.8069,48.9036],[-0.6069,48.9036],[-0.6069,49.1036],[-0.8069,49.1036],[-0.8069,48.9036]]]},"properties":{"CdUH":"163AA","code":"163AA","LbUH":"Unite hydrogeologique 163AA","nom":"Unite hydrogeologique 163AA","NatureUH":"LIBRE","nature":"LIBRE","nb_stations":1,"CdUH_N1":"163","type_source":"APPROX_BBOX"}},{"type":"Feature","geometry":{"type":"Polygon","coordinates":[[[-0.5037,48.543],[-0.201,48.543],[-0.201,48.806],[-0.5037,48.806],[-0.5037,48.543]]]},"properties":{"CdUH":"163AC","code":"163AC","LbUH":"Unite hydrogeologique 163AC","nom":"Unite hydrogeologique 163AC","NatureUH":"LIBRE","nature":"LIBRE","nb_stations":7,"CdUH_N1":"163","type_source":"APPROX_BBOX"}},{"type":"Feature","geometry":{"type":"Polygon","coordinates":[[[-0.6441,48.6449],[-0.412,48.6449],[-0.412,48.92],[-0.6441,48.92],[-0.6441,48.6449]]]},"properties":{"CdUH":"163AE","code":"163AE","LbUH":"Unite hydrogeologique 163AE","nom":"Unite hydrogeologique 163AE","NatureUH":"LIBRE","nature":"LIBRE","nb_stations":3,"CdUH_N1":"163","type_source":"APPROX_BBOX"}},{"type":"Feature","geometry":{"type":"Polygon","coordinates":[[[-1.0078,48.8777],[-0.8078,48.8777],[-0.8078,49.0777],[-1.0078,49.0777],[-1.0078,48.8777]]]},"properties":{"CdUH":"165AA","code":"165AA","LbUH":"Unite hydrogeologique 165AA","nom":"Unite hydrogeologique 165AA","NatureUH":"LIBRE","nature":"LIBRE","nb_stations":1,"CdUH_N1":"165","type_source":"APPROX_BBOX"}},{"type":"Feature","geometry":{"type":"Polygon","coordinates":[[[-1.0355,49.098],[-0.8355,49.098],[-0.8355,49.298],[-1.0355,49.298],[-1.0355,49.098]]]},"properties":{"CdUH":"165AC","code":"165AC","LbUH":"Unite hydrogeologique 165AC","nom":"Unite hydrogeologique 165AC","NatureUH":"LIBRE","nature":"LIBRE","nb_stations":1,"CdUH_N1":"165","type_source":"APPROX_BBOX"}},{"type":"Feature","geometry":{"type":"Polygon","coordinates":[[[-1.4207,49.0505],[-1.2207,49.0505],[-1.2207,49.2505],[-1.4207,49.2505],[-1.4207,49.0505]]]},"properties":{"CdUH":"167AC","code":"167AC","LbUH":"Unite hydrogeologique 167AC","nom":"Unite hydrogeologique 167AC","NatureUH":"LIBRE","nature":"LIBRE","nb_stations":1,"CdUH_N1":"167","type_source":"APPROX_BBOX"}},{"type":"Feature","geometry":{"type":"Polygon","coordinates":[[[-1.8185,49.4349],[-1.1864,49.4349],[-1.1864,49.7359],[-1.8185,49.7359],[-1.8185,49.4349]]]},"properties":{"CdUH":"169AA","code":"169AA","LbUH":"Unite hydrogeologique 169AA","nom":"Unite hydrogeologique 169AA","NatureUH":"LIBRE","nature":"LIBRE","nb_stations":2,"CdUH_N1":"169","type_source":"APPROX_BBOX"}},{"type":"Feature","geometry":{"type":"Polygon","coordinates":[[[-1.8386,49.2538],[-1.6206,49.2538],[-1.6206,49.4728],[-1.8386,49.4728],[-1.8386,49.2538]]]},"properties":{"CdUH":"169AC","code":"169AC","LbUH":"Unite hydrogeologique 169AC","nom":"Unite hydrogeologique 169AC","NatureUH":"LIBRE","nature":"LIBRE","nb_stations":2,"CdUH_N1":"169","type_source":"APPROX_BBOX"}},{"type":"Feature","geometry":{"type":"Polygon","coordinates":[[[-1.7051,48.9228],[-1.4838,48.9228],[-1.4838,49.3374],[-1.7051,49.3374],[-1.7051,48.9228]]]},"properties":{"CdUH":"169AE","code":"169AE","LbUH":"Unite hydrogeologique 169AE","nom":"Unite hydrogeologique 169AE","NatureUH":"LIBRE","nature":"LIBRE","nb_stations":4,"CdUH_N1":"169","type_source":"APPROX_BBOX"}},{"type":"Feature","geometry":{"type":"Polygon","coordinates":[[[-1.2289,48.7045],[-1.0289,48.7045],[-1.0289,48.9045],[-1.2289,48.9045],[-1.2289,48.7045]]]},"properties":{"CdUH":"170AA","code":"170AA","LbUH":"Unite hydrogeologique 170AA","nom":"Unite hydrogeologique 170AA","NatureUH":"LIBRE","nature":"LIBRE","nb_stations":1,"CdUH_N1":"170","type_source":"APPROX_BBOX"}},{"type":"Feature","geometry":{"type":"Polygon","coordinates":[[[-1.6871,48.738],[-1.4404,48.738],[-1.4404,49.0776],[-1.6871,49.0776],[-1.6871,48.738]]]},"properties":{"CdUH":"170AE","code":"170AE","LbUH":"Unite hydrogeologique 170AE","nom":"Unite hydrogeologique 170AE","NatureUH":"LIBRE","nature":"LIBRE","nb_stations":4,"CdUH_N1":"170","type_source":"APPROX_BBOX"}},{"type":"Feature","geometry":{"type":"Polygon","coordinates":[[[-1.1254,48.638],[-0.9254,48.638],[-0.9254,48.838],[-1.1254,48.838],[-1.1254,48.638]]]},"properties":{"CdUH":"171AA","code":"171AA","LbUH":"Unite hydrogeologique 171AA","nom":"Unite hydrogeologique 171AA","NatureUH":"LIBRE","nature":"LIBRE","nb_stations":1,"CdUH_N1":"171","type_source":"APPROX_BBOX"}},{"type":"Feature","geometry":{"type":"Polygon","coordinates":[[[-1.3696,48.3716],[-0.9562,48.3716],[-0.9562,48.7715],[-1.3696,48.7715],[-1.3696,48.3716]]]},"properties":{"CdUH":"171AC","code":"171AC","LbUH":"Unite hydrogeologique 171AC","nom":"Unite hydrogeologique 171AC","NatureUH":"LIBRE","nature":"LIBRE","nb_stations":4,"CdUH_N1":"171","type_source":"APPROX_BBOX"}},{"type":"Feature","geometry":{"type":"Polygon","coordinates":[[[-1.533,48.2138],[-1.333,48.2138],[-1.333,48.4138],[-1.533,48.4138],[-1.533,48.2138]]]},"properties":{"CdUH":"173AA","code":"173AA","LbUH":"Unite hydrogeologique 173AA","nom":"Unite hydrogeologique 173AA","NatureUH":"LIBRE","nature":"LIBRE","nb_stations":1,"CdUH_N1":"173","type_source":"APPROX_BBOX"}},{"type":"Feature","geometry":{"type":"Polygon","coordinates":[[[-1.8625,48.3678],[-1.6625,48.3678],[-1.6625,48.5678],[-1.8625,48.5678],[-1.8625,48.3678]]]},"properties":{"CdUH":"173AC","code":"173AC","LbUH":"Unite hydrogeologique 173AC","nom":"Unite hydrogeologique 173AC","NatureUH":"LIBRE","nature":"LIBRE","nb_stations":1,"CdUH_N1":"173","type_source":"APPROX_BBOX"}},{"type":"Feature","geometry":{"type":"Polygon","coordinates":[[[-2.1781,48.4902],[-1.9781,48.4902],[-1.9781,48.6902],[-2.1781,48.6902],[-2.1781,48.4902]]]},"properties":{"CdUH":"173AE","code":"173AE","LbUH":"Unite hydrogeologique 173AE","nom":"Unite hydrogeologique 173AE","NatureUH":"LIBRE","nature":"LIBRE","nb_stations":1,"CdUH_N1":"173","type_source":"APPROX_BBOX"}},{"type":"Feature","geometry":{"type":"Polygon","coordinates":[[[-2.5211,47.2426],[-1.1973,47.2426],[-1.1973,48.2961],[-2.5211,48.2961],[-2.5211,47.2426]]]},"properties":{"CdUH":"174AA","code":"174AA","LbUH":"Unite hydrogeologique 174AA","nom":"Unite hydrogeologique 174AA","NatureUH":"LIBRE","nature":"LIBRE","nb_stations":11,"CdUH_N1":"174","type_source":"APPROX_BBOX"}},{"type":"Feature","geometry":{"type":"Polygon","coordinates":[[[-1.9143,47.073],[-0.3776,47.073],[-0.3776,47.4878],[-1.9143,47.4878],[-1.9143,47.073]]]},"properties":{"CdUH":"175AA","code":"175AA","LbUH":"Unite hydrogeologique 175AA","nom":"Unite hydrogeologique 175AA","NatureUH":"LIBRE","nature":"LIBRE","nb_stations":13,"CdUH_N1":"175","type_source":"APPROX_BBOX"}},{"type":"Feature","geometry":{"type":"Polygon","coordinates":[[[-1.1264,47.0478],[-0.4092,47.0478],[-0.4092,47.4729],[-1.1264,47.4729],[-1.1264,47.0478]]]},"properties":{"CdUH":"175AC","code":"175AC","LbUH":"Unite hydrogeologique 175AC","nom":"Unite hydrogeologique 175AC","NatureUH":"LIBRE","nature":"LIBRE","nb_stations":6,"CdUH_N1":"175","type_source":"APPROX_BBOX"}},{"type":"Feature","geometry":{"type":"Polygon","coordinates":[[[-0.7848,47.3609],[-0.4105,47.3609],[-0.4105,47.5824],[-0.7848,47.5824],[-0.7848,47.3609]]]},"properties":{"CdUH":"175AE","code":"175AE","LbUH":"Unite hydrogeologique 175AE","nom":"Unite hydrogeologique 175AE","NatureUH":"LIBRE","nature":"LIBRE","nb_stations":2,"CdUH_N1":"175","type_source":"APPROX_BBOX"}},{"type":"Feature","geometry":{"type":"Polygon","coordinates":[[[-1.7733,47.1643],[-0.8791,47.1643],[-0.8791,47.6759],[-1.7733,47.6759],[-1.7733,47.1643]]]},"properties":{"CdUH":"175AG","code":"175AG","LbUH":"Unite hydrogeologique 175AG","nom":"Unite hydrogeologique 175AG","NatureUH":"LIBRE","nature":"LIBRE","nb_stations":5,"CdUH_N1":"175","type_source":"APPROX_BBOX"}},{"type":"Feature","geometry":{"type":"Polygon","coordinates":[[[-1.7686,46.9117],[-1.5686,46.9117],[-1.5686,47.1117],[-1.7686,47.1117],[-1.7686,46.9117]]]},"properties":{"CdUH":"175AI","code":"175AI","LbUH":"Unite hydrogeologique 175AI","nom":"Unite hydrogeologique 175AI","NatureUH":"LIBRE","nature":"LIBRE","nb_stations":1,"CdUH_N1":"175","type_source":"APPROX_BBOX"}},{"type":"Feature","geometry":{"type":"Polygon","coordinates":[[[-0.6424,47.7911],[0.0286,47.7911],[0.0286,48.6051],[-0.6424,48.6051],[-0.6424,47.7911]]]},"properties":{"CdUH":"177AA","code":"177AA","LbUH":"Unite hydrogeologique 177AA","nom":"Unite hydrogeologique 177AA","NatureUH":"LIBRE","nature":"LIBRE","nb_stations":5,"CdUH_N1":"177","type_source":"APPROX_BBOX"}},{"type":"Feature","geometry":{"type":"Polygon","coordinates":[[[-1.0625,47.556],[-0.0237,47.556],[-0.0237,48.6234],[-1.0625,48.6234],[-1.0625,47.556]]]},"properties":{"CdUH":"179AA","code":"179AA","LbUH":"Unite hydrogeologique 179AA","nom":"Unite hydrogeologique 179AA","NatureUH":"LIBRE","nature":"LIBRE","nb_stations":10,"CdUH_N1":"179","type_source":"APPROX_BBOX"}},{"type":"Feature","geometry":{"type":"Polygon","coordinates":[[[-0.8378,48.5888],[-0.6378,48.5888],[-0.6378,48.7888],[-0.8378,48.7888],[-0.8378,48.5888]]]},"properties":{"CdUH":"179AC","code":"179AC","LbUH":"Unite hydrogeologique 179AC","nom":"Unite hydrogeologique 179AC","NatureUH":"LIBRE","nature":"LIBRE","nb_stations":1,"CdUH_N1":"179","type_source":"APPROX_BBOX"}},{"type":"Feature","geometry":{"type":"Polygon","coordinates":[[[-1.2764,47.5959],[-0.861,47.5959],[-0.861,48.1732],[-1.2764,48.1732],[-1.2764,47.5959]]]},"properties":{"CdUH":"179AE","code":"179AE","LbUH":"Unite hydrogeologique 179AE","nom":"Unite hydrogeologique 179AE","NatureUH":"LIBRE","nature":"LIBRE","nb_stations":4,"CdUH_N1":"179","type_source":"APPROX_BBOX"}},{"type":"Feature","geometry":{"type":"Polygon","coordinates":[[[-1.6115,46.7618],[-1.1099,46.7618],[-1.1099,47.2503],[-1.6115,47.2503],[-1.6115,46.7618]]]},"properties":{"CdUH":"181AA","code":"181AA","LbUH":"Unite hydrogeologique 181AA","nom":"Unite hydrogeologique 181AA","NatureUH":"LIBRE","nature":"LIBRE","nb_stations":5,"CdUH_N1":"181","type_source":"APPROX_BBOX"}},{"type":"Feature","geometry":{"type":"Polygon","coordinates":[[[-1.094,46.9413],[-0.7785,46.9413],[-0.7785,47.2136],[-1.094,47.2136],[-1.094,46.9413]]]},"properties":{"CdUH":"181AC","code":"181AC","LbUH":"Unite hydrogeologique 181AC","nom":"Unite hydrogeologique 181AC","NatureUH":"LIBRE","nature":"LIBRE","nb_stations":3,"CdUH_N1":"181","type_source":"APPROX_BBOX"}},{"type":"Feature","geometry":{"type":"Polygon","coordinates":[[[-0.9796,46.699],[-0.7102,46.699],[-0.7102,47.159],[-0.9796,47.159],[-0.9796,46.699]]]},"properties":{"CdUH":"181AE","code":"181AE","LbUH":"Unite hydrogeologique 181AE","nom":"Unite hydrogeologique 181AE","NatureUH":"LIBRE","nature":"LIBRE","nb_stations":10,"CdUH_N1":"181","type_source":"APPROX_BBOX"}},{"type":"Feature","geometry":{"type":"Polygon","coordinates":[[[-2.1513,46.5177],[-1.5249,46.5177],[-1.5249,47.3132],[-2.1513,47.3132],[-2.1513,46.5177]]]},"properties":{"CdUH":"183AA","code":"183AA","LbUH":"Unite hydrogeologique 183AA","nom":"Unite hydrogeologique 183AA","NatureUH":"LIBRE","nature":"LIBRE","nb_stations":4,"CdUH_N1":"183","type_source":"APPROX_BBOX"}},{"type":"Feature","geometry":{"type":"Polygon","coordinates":[[[-2.4489,46.6073],[-2.2489,46.6073],[-2.2489,46.8073],[-2.4489,46.8073],[-2.4489,46.6073]]]},"properties":{"CdUH":"183AE","code":"183AE","LbUH":"Unite hydrogeologique 183AE","nom":"Unite hydrogeologique 183AE","NatureUH":"LIBRE","nature":"LIBRE","nb_stations":1,"CdUH_N1":"183","type_source":"APPROX_BBOX"}},{"type":"Feature","geometry":{"type":"Polygon","coordinates":[[[-1.4794,46.4933],[-1.0275,46.4933],[-1.0275,46.7999],[-1.4794,46.7999],[-1.4794,46.4933]]]},"properties":{"CdUH":"185AA","code":"185AA","LbUH":"Unite hydrogeologique 185AA","nom":"Unite hydrogeologique 185AA","NatureUH":"LIBRE","nature":"LIBRE","nb_stations":2,"CdUH_N1":"185","type_source":"APPROX_BBOX"}},{"type":"Feature","geometry":{"type":"Polygon","coordinates":[[[-2.7009,48.2482],[-2.1879,48.2482],[-2.1879,48.6219],[-2.7009,48.6219],[-2.7009,48.2482]]]},"properties":{"CdUH":"187AA","code":"187AA","LbUH":"Unite hydrogeologique 187AA","nom":"Unite hydrogeologique 187AA","NatureUH":"LIBRE","nature":"LIBRE","nb_stations":3,"CdUH_N1":"187","type_source":"APPROX_BBOX"}},{"type":"Feature","geometry":{"type":"Polygon","coordinates":[[[-3.2474,48.3045],[-2.7531,48.3045],[-2.7531,48.7069],[-3.2474,48.7069],[-3.2474,48.3045]]]},"properties":{"CdUH":"187AG","code":"187AG","LbUH":"Unite hydrogeologique 187AG","nom":"Unite hydrogeologique 187AG","NatureUH":"LIBRE","nature":"LIBRE","nb_stations":3,"CdUH_N1":"187","type_source":"APPROX_BBOX"}},{"type":"Feature","geometry":{"type":"Polygon","coordinates":[[[-3.3503,48.6414],[-3.1503,48.6414],[-3.1503,48.8414],[-3.3503,48.8414],[-3.3503,48.6414]]]},"properties":{"CdUH":"189AA","code":"189AA","LbUH":"Unite hydrogeologique 189AA","nom":"Unite hydrogeologique 189AA","NatureUH":"LIBRE","nature":"LIBRE","nb_stations":1,"CdUH_N1":"189","type_source":"APPROX_BBOX"}},{"type":"Feature","geometry":{"type":"Polygon","coordinates":[[[-3.4765,48.4517],[-3.2765,48.4517],[-3.2765,48.6517],[-3.4765,48.6517],[-3.4765,48.4517]]]},"properties":{"CdUH":"189AC","code":"189AC","LbUH":"Unite hydrogeologique 189AC","nom":"Unite hydrogeologique 189AC","NatureUH":"LIBRE","nature":"LIBRE","nb_stations":1,"CdUH_N1":"189","type_source":"APPROX_BBOX"}},{"type":"Feature","geometry":{"type":"Polygon","coordinates":[[[-4.0488,48.3053],[-3.8488,48.3053],[-3.8488,48.5053],[-4.0488,48.5053],[-4.0488,48.3053]]]},"properties":{"CdUH":"189AI","code":"189AI","LbUH":"Unite hydrogeologique 189AI","nom":"Unite hydrogeologique 189AI","NatureUH":"LIBRE","nature":"LIBRE","nb_stations":1,"CdUH_N1":"189","type_source":"APPROX_BBOX"}},{"type":"Feature","geometry":{"type":"Polygon","coordinates":[[[-3.7876,48.3943],[-3.5876,48.3943],[-3.5876,48.5943],[-3.7876,48.5943],[-3.7876,48.3943]]]},"properties":{"CdUH":"189AM","code":"189AM","LbUH":"Unite hydrogeologique 189AM","nom":"Unite hydrogeologique 189AM","NatureUH":"LIBRE","nature":"LIBRE","nb_stations":1,"CdUH_N1":"189","type_source":"APPROX_BBOX"}},{"type":"Feature","geometry":{"type":"Polygon","coordinates":[[[-4.7571,48.3825],[-4.5571,48.3825],[-4.5571,48.5825],[-4.7571,48.5825],[-4.7571,48.3825]]]},"properties":{"CdUH":"191AC","code":"191AC","LbUH":"Unite hydrogeologique 191AC","nom":"Unite hydrogeologique 191AC","NatureUH":"LIBRE","nature":"LIBRE","nb_stations":1,"CdUH_N1":"191","type_source":"APPROX_BBOX"}},{"type":"Feature","geometry":{"type":"Polygon","coordinates":[[[-3.7068,48.0892],[-3.5068,48.0892],[-3.5068,48.2892],[-3.7068,48.2892],[-3.7068,48.0892]]]},"properties":{"CdUH":"191AG","code":"191AG","LbUH":"Unite hydrogeologique 191AG","nom":"Unite hydrogeologique 191AG","NatureUH":"LIBRE","nature":"LIBRE","nb_stations":1,"CdUH_N1":"191","type_source":"APPROX_BBOX"}},{"type":"Feature","geometry":{"type":"Polygon","coordinates":[[[-4.3615,48.1198],[-4.1615,48.1198],[-4.1615,48.3198],[-4.3615,48.3198],[-4.3615,48.1198]]]},"properties":{"CdUH":"191AI","code":"191AI","LbUH":"Unite hydrogeologique 191AI","nom":"Unite hydrogeologique 191AI","NatureUH":"LIBRE","nature":"LIBRE","nb_stations":1,"CdUH_N1":"191","type_source":"APPROX_BBOX"}},{"type":"Feature","geometry":{"type":"Polygon","coordinates":[[[-4.1501,48.4361],[-3.9501,48.4361],[-3.9501,48.6361],[-4.1501,48.6361],[-4.1501,48.4361]]]},"properties":{"CdUH":"191AJ","code":"191AJ","LbUH":"Unite hydrogeologique 191AJ","nom":"Unite hydrogeologique 191AJ","NatureUH":"LIBRE","nature":"LIBRE","nb_stations":1,"CdUH_N1":"191","type_source":"APPROX_BBOX"}},{"type":"Feature","geometry":{"type":"Polygon","coordinates":[[[-4.4504,48.3592],[-4.2504,48.3592],[-4.2504,48.5592],[-4.4504,48.5592],[-4.4504,48.3592]]]},"properties":{"CdUH":"191AL","code":"191AL","LbUH":"Unite hydrogeologique 191AL","nom":"Unite hydrogeologique 191AL","NatureUH":"LIBRE","nature":"LIBRE","nb_stations":1,"CdUH_N1":"191","type_source":"APPROX_BBOX"}},{"type":"Feature","geometry":{"type":"Polygon","coordinates":[[[-4.1979,48.0731],[-3.6302,48.0731],[-3.6302,48.328],[-4.1979,48.328],[-4.1979,48.0731]]]},"properties":{"CdUH":"191AN","code":"191AN","LbUH":"Unite hydrogeologique 191AN","nom":"Unite hydrogeologique 191AN","NatureUH":"LIBRE","nature":"LIBRE","nb_stations":2,"CdUH_N1":"191","type_source":"APPROX_BBOX"}},{"type":"Feature","geometry":{"type":"Polygon","coordinates":[[[-4.3306,48.3413],[-4.1306,48.3413],[-4.1306,48.5413],[-4.3306,48.5413],[-4.3306,48.3413]]]},"properties":{"CdUH":"191AP","code":"191AP","LbUH":"Unite hydrogeologique 191AP","nom":"Unite hydrogeologique 191AP","NatureUH":"LIBRE","nature":"LIBRE","nb_stations":1,"CdUH_N1":"191","type_source":"APPROX_BBOX"}},{"type":"Feature","geometry":{"type":"Polygon","coordinates":[[[-4.2765,47.8733],[-4.0765,47.8733],[-4.0765,48.0733],[-4.2765,48.0733],[-4.2765,47.8733]]]},"properties":{"CdUH":"193AH","code":"193AH","LbUH":"Unite hydrogeologique 193AH","nom":"Unite hydrogeologique 193AH","NatureUH":"LIBRE","nature":"LIBRE","nb_stations":1,"CdUH_N1":"193","type_source":"APPROX_BBOX"}},{"type":"Feature","geometry":{"type":"Polygon","coordinates":[[[-4.1748,47.9869],[-3.9748,47.9869],[-3.9748,48.1869],[-4.1748,48.1869],[-4.1748,47.9869]]]},"properties":{"CdUH":"193AI","code":"193AI","LbUH":"Unite hydrogeologique 193AI","nom":"Unite hydrogeologique 193AI","NatureUH":"LIBRE","nature":"LIBRE","nb_stations":1,"CdUH_N1":"193","type_source":"APPROX_BBOX"}},{"type":"Feature","geometry":{"type":"Polygon","coordinates":[[[-3.9687,47.7416],[-3.7687,47.7416],[-3.7687,47.9416],[-3.9687,47.9416],[-3.9687,47.7416]]]},"properties":{"CdUH":"193AJ","code":"193AJ","LbUH":"Unite hydrogeologique 193AJ","nom":"Unite hydrogeologique 193AJ","NatureUH":"LIBRE","nature":"LIBRE","nb_stations":1,"CdUH_N1":"193","type_source":"APPROX_BBOX"}},{"type":"Feature","geometry":{"type":"Polygon","coordinates":[[[-3.3762,47.9893],[-3.1762,47.9893],[-3.1762,48.1893],[-3.3762,48.1893],[-3.3762,47.9893]]]},"properties":{"CdUH":"193AK","code":"193AK","LbUH":"Unite hydrogeologique 193AK","nom":"Unite hydrogeologique 193AK","NatureUH":"LIBRE","nature":"LIBRE","nb_stations":1,"CdUH_N1":"193","type_source":"APPROX_BBOX"}},{"type":"Feature","geometry":{"type":"Polygon","coordinates":[[[-3.801,47.9039],[-3.601,47.9039],[-3.601,48.1039],[-3.801,48.1039],[-3.801,47.9039]]]},"properties":{"CdUH":"193AL","code":"193AL","LbUH":"Unite hydrogeologique 193AL","nom":"Unite hydrogeologique 193AL","NatureUH":"LIBRE","nature":"LIBRE","nb_stations":1,"CdUH_N1":"193","type_source":"APPROX_BBOX"}},{"type":"Feature","geometry":{"type":"Polygon","coordinates":[[[-4.4355,47.9005],[-4.2355,47.9005],[-4.2355,48.1005],[-4.4355,48.1005],[-4.4355,47.9005]]]},"properties":{"CdUH":"193AM","code":"193AM","LbUH":"Unite hydrogeologique 193AM","nom":"Unite hydrogeologique 193AM","NatureUH":"LIBRE","nature":"LIBRE","nb_stations":1,"CdUH_N1":"193","type_source":"APPROX_BBOX"}},{"type":"Feature","geometry":{"type":"Polygon","coordinates":[[[-3.4072,47.7049],[-2.8783,47.7049],[-2.8783,48.3312],[-3.4072,48.3312],[-3.4072,47.7049]]]},"properties":{"CdUH":"195AA","code":"195AA","LbUH":"Unite hydrogeologique 195AA","nom":"Unite hydrogeologique 195AA","NatureUH":"LIBRE","nature":"LIBRE","nb_stations":4,"CdUH_N1":"195","type_source":"APPROX_BBOX"}},{"type":"Feature","geometry":{"type":"Polygon","coordinates":[[[-3.1139,47.7701],[-2.9139,47.7701],[-2.9139,47.9701],[-3.1139,47.9701],[-3.1139,47.7701]]]},"properties":{"CdUH":"195AC","code":"195AC","LbUH":"Unite hydrogeologique 195AC","nom":"Unite hydrogeologique 195AC","NatureUH":"LIBRE","nature":"LIBRE","nb_stations":1,"CdUH_N1":"195","type_source":"APPROX_BBOX"}},{"type":"Feature","geometry":{"type":"Polygon","coordinates":[[[-3.5384,47.8405],[-3.3384,47.8405],[-3.3384,48.0405],[-3.5384,48.0405],[-3.5384,47.8405]]]},"properties":{"CdUH":"195AD","code":"195AD","LbUH":"Unite hydrogeologique 195AD","nom":"Unite hydrogeologique 195AD","NatureUH":"LIBRE","nature":"LIBRE","nb_stations":1,"CdUH_N1":"195","type_source":"APPROX_BBOX"}},{"type":"Feature","geometry":{"type":"Polygon","coordinates":[[[-2.917,47.6902],[-2.717,47.6902],[-2.717,47.8902],[-2.917,47.8902],[-2.917,47.6902]]]},"properties":{"CdUH":"197AF","code":"197AF","LbUH":"Unite hydrogeologique 197AF","nom":"Unite hydrogeologique 197AF","NatureUH":"LIBRE","nature":"LIBRE","nb_stations":1,"CdUH_N1":"197","type_source":"APPROX_BBOX"}},{"type":"Feature","geometry":{"type":"Polygon","coordinates":[[[-2.7269,47.5405],[-2.5215,47.5405],[-2.5215,47.7422],[-2.7269,47.7422],[-2.7269,47.5405]]]},"properties":{"CdUH":"197AG","code":"197AG","LbUH":"Unite hydrogeologique 197AG","nom":"Unite hydrogeologique 197AG","NatureUH":"LIBRE","nature":"LIBRE","nb_stations":2,"CdUH_N1":"197","type_source":"APPROX_BBOX"}},{"type":"Feature","geometry":{"type":"Polygon","coordinates":[[[-2.5202,47.8509],[-2.2974,47.8509],[-2.2974,48.2951],[-2.5202,48.2951],[-2.5202,47.8509]]]},"properties":{"CdUH":"199AA","code":"199AA","LbUH":"Unite hydrogeologique 199AA","nom":"Unite hydrogeologique 199AA","NatureUH":"LIBRE","nature":"LIBRE","nb_stations":2,"CdUH_N1":"199","type_source":"APPROX_BBOX"}},{"type":"Feature","geometry":{"type":"Polygon","coordinates":[[[-2.8501,48.1652],[-2.6501,48.1652],[-2.6501,48.3652],[-2.8501,48.3652],[-2.8501,48.1652]]]},"properties":{"CdUH":"199AC","code":"199AC","LbUH":"Unite hydrogeologique 199AC","nom":"Unite hydrogeologique 199AC","NatureUH":"LIBRE","nature":"LIBRE","nb_stations":1,"CdUH_N1":"199","type_source":"APPROX_BBOX"}},{"type":"Feature","geometry":{"type":"Polygon","coordinates":[[[-2.329,47.7557],[-2.0322,47.7557],[-2.0322,48.104],[-2.329,48.104],[-2.329,47.7557]]]},"properties":{"CdUH":"199AF","code":"199AF","LbUH":"Unite hydrogeologique 199AF","nom":"Unite hydrogeologique 199AF","NatureUH":"LIBRE","nature":"LIBRE","nb_stations":3,"CdUH_N1":"199","type_source":"APPROX_BBOX"}},{"type":"Feature","geometry":{"type":"Polygon","coordinates":[[[-2.8331,47.7842],[-2.6287,47.7842],[-2.6287,47.9896],[-2.8331,47.9896],[-2.8331,47.7842]]]},"properties":{"CdUH":"199AG","code":"199AG","LbUH":"Unite hydrogeologique 199AG","nom":"Unite hydrogeologique 199AG","NatureUH":"LIBRE","nature":"LIBRE","nb_stations":2,"CdUH_N1":"199","type_source":"APPROX_BBOX"}},{"type":"Feature","geometry":{"type":"Polygon","coordinates":[[[-2.3061,47.5863],[-2.1061,47.5863],[-2.1061,47.7863],[-2.3061,47.7863],[-2.3061,47.5863]]]},"properties":{"CdUH":"199AH","code":"199AH","LbUH":"Unite hydrogeologique 199AH","nom":"Unite hydrogeologique 199AH","NatureUH":"LIBRE","nature":"LIBRE","nb_stations":1,"CdUH_N1":"199","type_source":"APPROX_BBOX"}},{"type":"Feature","geometry":{"type":"Polygon","coordinates":[[[1.0669,45.9351],[1.7463,45.9351],[1.7463,46.4697],[1.0669,46.4697],[1.0669,45.9351]]]},"properties":{"CdUH":"201AE","code":"201AE","LbUH":"Unite hydrogeologique 201AE","nom":"Unite hydrogeologique 201AE","NatureUH":"LIBRE","nature":"LIBRE","nb_stations":7,"CdUH_N1":"201","type_source":"APPROX_BBOX"}},{"type":"Feature","geometry":{"type":"Polygon","coordinates":[[[1.3921,45.8388],[2.2376,45.8388],[2.2376,46.5473],[1.3921,46.5473],[1.3921,45.8388]]]},"properties":{"CdUH":"201AG","code":"201AG","LbUH":"Unite hydrogeologique 201AG","nom":"Unite hydrogeologique 201AG","NatureUH":"LIBRE","nature":"LIBRE","nb_stations":5,"CdUH_N1":"201","type_source":"APPROX_BBOX"}},{"type":"Feature","geometry":{"type":"Polygon","coordinates":[[[0.8401,45.5632],[2.1289,45.5632],[2.1289,46.1174],[0.8401,46.1174],[0.8401,45.5632]]]},"properties":{"CdUH":"201AI","code":"201AI","LbUH":"Unite hydrogeologique 201AI","nom":"Unite hydrogeologique 201AI","NatureUH":"LIBRE","nature":"LIBRE","nb_stations":16,"CdUH_N1":"201","type_source":"APPROX_BBOX"}},{"type":"Feature","geometry":{"type":"Polygon","coordinates":[[[2.2073,45.9346],[2.9298,45.9346],[2.9298,46.3843],[2.2073,46.3843],[2.2073,45.9346]]]},"properties":{"CdUH":"203AA","code":"203AA","LbUH":"Unite hydrogeologique 203AA","nom":"Unite hydrogeologique 203AA","NatureUH":"LIBRE","nature":"LIBRE","nb_stations":4,"CdUH_N1":"203","type_source":"APPROX_BBOX"}},{"type":"Feature","geometry":{"type":"Polygon","coordinates":[[[2.6593,45.7427],[3.0339,45.7427],[3.0339,46.2462],[2.6593,46.2462],[2.6593,45.7427]]]},"properties":{"CdUH":"203AE","code":"203AE","LbUH":"Unite hydrogeologique 203AE","nom":"Unite hydrogeologique 203AE","NatureUH":"LIBRE","nature":"LIBRE","nb_stations":2,"CdUH_N1":"203","type_source":"APPROX_BBOX"}},{"type":"Feature","geometry":{"type":"Polygon","coordinates":[[[3.4305,44.8632],[3.6475,44.8632],[3.6475,45.7773],[3.4305,45.7773],[3.4305,44.8632]]]},"properties":{"CdUH":"203AI","code":"203AI","LbUH":"Unite hydrogeologique 203AI","nom":"Unite hydrogeologique 203AI","NatureUH":"LIBRE","nature":"LIBRE","nb_stations":2,"CdUH_N1":"203","type_source":"APPROX_BBOX"}},{"type":"Feature","geometry":{"type":"Polygon","coordinates":[[[3.7255,44.5956],[3.9255,44.5956],[3.9255,44.7956],[3.7255,44.7956],[3.7255,44.5956]]]},"properties":{"CdUH":"203AK","code":"203AK","LbUH":"Unite hydrogeologique 203AK","nom":"Unite hydrogeologique 203AK","NatureUH":"LIBRE","nature":"LIBRE","nb_stations":1,"CdUH_N1":"203","type_source":"APPROX_BBOX"}},{"type":"Feature","geometry":{"type":"Polygon","coordinates":[[[3.6169,45.9219],[3.8528,45.9219],[3.8528,46.3905],[3.6169,46.3905],[3.6169,45.9219]]]},"properties":{"CdUH":"205AG","code":"205AG","LbUH":"Unite hydrogeologique 205AG","nom":"Unite hydrogeologique 205AG","NatureUH":"LIBRE","nature":"LIBRE","nb_stations":2,"CdUH_N1":"205","type_source":"APPROX_BBOX"}},{"type":"Feature","geometry":{"type":"Polygon","coordinates":[[[4.301,46.3015],[4.501,46.3015],[4.501,46.5015],[4.301,46.5015],[4.301,46.3015]]]},"properties":{"CdUH":"205AI","code":"205AI","LbUH":"Unite hydrogeologique 205AI","nom":"Unite hydrogeologique 205AI","NatureUH":"LIBRE","nature":"LIBRE","nb_stations":1,"CdUH_N1":"205","type_source":"APPROX_BBOX"}},{"type":"Feature","geometry":{"type":"Polygon","coordinates":[[[3.9382,46.6363],[4.1913,46.6363],[4.1913,47.0939],[3.9382,47.0939],[3.9382,46.6363]]]},"properties":{"CdUH":"207AA","code":"207AA","LbUH":"Unite hydrogeologique 207AA","nom":"Unite hydrogeologique 207AA","NatureUH":"LIBRE","nature":"LIBRE","nb_stations":2,"CdUH_N1":"207","type_source":"APPROX_BBOX"}},{"type":"Feature","geometry":{"type":"Polygon","coordinates":[[[4.1053,47.2016],[4.3053,47.2016],[4.3053,47.4016],[4.1053,47.4016],[4.1053,47.2016]]]},"properties":{"CdUH":"208AA","code":"208AA","LbUH":"Unite hydrogeologique 208AA","nom":"Unite hydrogeologique 208AA","NatureUH":"LIBRE","nature":"LIBRE","nb_stations":1,"CdUH_N1":"208","type_source":"APPROX_BBOX"}},{"type":"Feature","geometry":{"type":"Polygon","coordinates":[[[4.7288,49.7216],[4.9288,49.7216],[4.9288,49.9216],[4.7288,49.9216],[4.7288,49.7216]]]},"properties":{"CdUH":"211AC","code":"211AC","LbUH":"Unite hydrogeologique 211AC","nom":"Unite hydrogeologique 211AC","NatureUH":"LIBRE","nature":"LIBRE","nb_stations":1,"CdUH_N1":"211","type_source":"APPROX_BBOX"}},{"type":"Feature","geometry":{"type":"Polygon","coordinates":[[[3.9664,49.8536],[4.2031,49.8536],[4.2031,50.0862],[3.9664,50.0862],[3.9664,49.8536]]]},"properties":{"CdUH":"211AI","code":"211AI","LbUH":"Unite hydrogeologique 211AI","nom":"Unite hydrogeologique 211AI","NatureUH":"LIBRE","nature":"LIBRE","nb_stations":2,"CdUH_N1":"211","type_source":"APPROX_BBOX"}},{"type":"Feature","geometry":{"type":"Polygon","coordinates":[[[7.0263,47.4615],[8.3289,47.4615],[8.3289,49.1266],[7.0263,49.1266],[7.0263,47.4615]]]},"properties":{"CdUH":"221AA","code":"221AA","LbUH":"Unite hydrogeologique 221AA","nom":"Unite hydrogeologique 221AA","NatureUH":"LIBRE","nature":"LIBRE","nb_stations":2184,"CdUH_N1":"221","type_source":"APPROX_BBOX"}},{"type":"Feature","geometry":{"type":"Polygon","coordinates":[[[7.0281,47.6468],[8.0593,47.6468],[8.0593,48.8217],[7.0281,48.8217],[7.0281,47.6468]]]},"properties":{"CdUH":"221AC","code":"221AC","LbUH":"Unite hydrogeologique 221AC","nom":"Unite hydrogeologique 221AC","NatureUH":"LIBRE","nature":"LIBRE","nb_stations":112,"CdUH_N1":"221","type_source":"APPROX_BBOX"}},{"type":"Feature","geometry":{"type":"Polygon","coordinates":[[[7.6024,48.6186],[8.2828,48.6186],[8.2828,49.1143],[7.6024,49.1143],[7.6024,48.6186]]]},"properties":{"CdUH":"221AE","code":"221AE","LbUH":"Unite hydrogeologique 221AE","nom":"Unite hydrogeologique 221AE","NatureUH":"LIBRE","nature":"LIBRE","nb_stations":81,"CdUH_N1":"221","type_source":"APPROX_BBOX"}},{"type":"Feature","geometry":{"type":"Polygon","coordinates":[[[7.5345,48.6527],[7.7345,48.6527],[7.7345,48.8527],[7.5345,48.8527],[7.5345,48.6527]]]},"properties":{"CdUH":"222AC","code":"222AC","LbUH":"Unite hydrogeologique 222AC","nom":"Unite hydrogeologique 222AC","NatureUH":"LIBRE","nature":"LIBRE","nb_stations":1,"CdUH_N1":"222","type_source":"APPROX_BBOX"}},{"type":"Feature","geometry":{"type":"Polygon","coordinates":[[[7.1263,48.3854],[7.327,48.3854],[7.327,48.5854],[7.1263,48.5854],[7.1263,48.3854]]]},"properties":{"CdUH":"222AE","code":"222AE","LbUH":"Unite hydrogeologique 222AE","nom":"Unite hydrogeologique 222AE","NatureUH":"LIBRE","nature":"LIBRE","nb_stations":3,"CdUH_N1":"222","type_source":"APPROX_BBOX"}},{"type":"Feature","geometry":{"type":"Polygon","coordinates":[[[7.2915,48.1861],[7.4915,48.1861],[7.4915,48.3861],[7.2915,48.3861],[7.2915,48.1861]]]},"properties":{"CdUH":"222AG","code":"222AG","LbUH":"Unite hydrogeologique 222AG","nom":"Unite hydrogeologique 222AG","NatureUH":"LIBRE","nature":"LIBRE","nb_stations":1,"CdUH_N1":"222","type_source":"APPROX_BBOX"}},{"type":"Feature","geometry":{"type":"Polygon","coordinates":[[[6.9678,47.9547],[7.3774,47.9547],[7.3774,48.1876],[6.9678,48.1876],[6.9678,47.9547]]]},"properties":{"CdUH":"222AI","code":"222AI","LbUH":"Unite hydrogeologique 222AI","nom":"Unite hydrogeologique 222AI","NatureUH":"LIBRE","nature":"LIBRE","nb_stations":14,"CdUH_N1":"222","type_source":"APPROX_BBOX"}},{"type":"Feature","geometry":{"type":"Polygon","coordinates":[[[6.9027,47.7794],[7.1063,47.7794],[7.1063,47.9819],[6.9027,47.9819],[6.9027,47.7794]]]},"properties":{"CdUH":"222AK","code":"222AK","LbUH":"Unite hydrogeologique 222AK","nom":"Unite hydrogeologique 222AK","NatureUH":"LIBRE","nature":"LIBRE","nb_stations":4,"CdUH_N1":"222","type_source":"APPROX_BBOX"}},{"type":"Feature","geometry":{"type":"Polygon","coordinates":[[[6.9572,47.5318],[7.4255,47.5318],[7.4255,47.8348],[6.9572,47.8348],[6.9572,47.5318]]]},"properties":{"CdUH":"222AO","code":"222AO","LbUH":"Unite hydrogeologique 222AO","nom":"Unite hydrogeologique 222AO","NatureUH":"LIBRE","nature":"LIBRE","nb_stations":106,"CdUH_N1":"222","type_source":"APPROX_BBOX"}},{"type":"Feature","geometry":{"type":"Polygon","coordinates":[[[7.1986,47.9124],[8.2375,47.9124],[8.2375,49.132],[7.1986,49.132],[7.1986,47.9124]]]},"properties":{"CdUH":"223AA","code":"223AA","LbUH":"Unite hydrogeologique 223AA","nom":"Unite hydrogeologique 223AA","NatureUH":"LIBRE","nature":"LIBRE","nb_stations":26,"CdUH_N1":"223","type_source":"APPROX_BBOX"}},{"type":"Feature","geometry":{"type":"Polygon","coordinates":[[[7.3677,47.4759],[7.5943,47.4759],[7.5943,47.7336],[7.3677,47.7336],[7.3677,47.4759]]]},"properties":{"CdUH":"225AA","code":"225AA","LbUH":"Unite hydrogeologique 225AA","nom":"Unite hydrogeologique 225AA","NatureUH":"LIBRE","nature":"LIBRE","nb_stations":13,"CdUH_N1":"225","type_source":"APPROX_BBOX"}},{"type":"Feature","geometry":{"type":"Polygon","coordinates":[[[6.9089,47.4097],[7.509,47.4097],[7.509,47.7682],[6.9089,47.7682],[6.9089,47.4097]]]},"properties":{"CdUH":"225AC","code":"225AC","LbUH":"Unite hydrogeologique 225AC","nom":"Unite hydrogeologique 225AC","NatureUH":"LIBRE","nature":"LIBRE","nb_stations":102,"CdUH_N1":"225","type_source":"APPROX_BBOX"}},{"type":"Feature","geometry":{"type":"Polygon","coordinates":[[[6.9952,47.5178],[7.2193,47.5178],[7.2193,47.7257],[6.9952,47.7257],[6.9952,47.5178]]]},"properties":{"CdUH":"225AE","code":"225AE","LbUH":"Unite hydrogeologique 225AE","nom":"Unite hydrogeologique 225AE","NatureUH":"LIBRE","nature":"LIBRE","nb_stations":13,"CdUH_N1":"225","type_source":"APPROX_BBOX"}},{"type":"Feature","geometry":{"type":"Polygon","coordinates":[[[7.145,47.5636],[7.4709,47.5636],[7.4709,47.8546],[7.145,47.8546],[7.145,47.5636]]]},"properties":{"CdUH":"226AA","code":"226AA","LbUH":"Unite hydrogeologique 226AA","nom":"Unite hydrogeologique 226AA","NatureUH":"LIBRE","nature":"LIBRE","nb_stations":59,"CdUH_N1":"226","type_source":"APPROX_BBOX"}},{"type":"Feature","geometry":{"type":"Polygon","coordinates":[[[7.1216,47.641],[7.3216,47.641],[7.3216,47.841],[7.1216,47.841],[7.1216,47.641]]]},"properties":{"CdUH":"227AC","code":"227AC","LbUH":"Unite hydrogeologique 227AC","nom":"Unite hydrogeologique 227AC","NatureUH":"LIBRE","nature":"LIBRE","nb_stations":1,"CdUH_N1":"227","type_source":"APPROX_BBOX"}},{"type":"Feature","geometry":{"type":"Polygon","coordinates":[[[6.9688,47.5286],[7.3416,47.5286],[7.3416,47.7665],[6.9688,47.7665],[6.9688,47.5286]]]},"properties":{"CdUH":"227AD","code":"227AD","LbUH":"Unite hydrogeologique 227AD","nom":"Unite hydrogeologique 227AD","NatureUH":"LIBRE","nature":"LIBRE","nb_stations":71,"CdUH_N1":"227","type_source":"APPROX_BBOX"}},{"type":"Feature","geometry":{"type":"Polygon","coordinates":[[[7.3113,48.211],[7.5998,48.211],[7.5998,48.8906],[7.3113,48.8906],[7.3113,48.211]]]},"properties":{"CdUH":"230AA","code":"230AA","LbUH":"Unite hydrogeologique 230AA","nom":"Unite hydrogeologique 230AA","NatureUH":"LIBRE","nature":"LIBRE","nb_stations":15,"CdUH_N1":"230","type_source":"APPROX_BBOX"}},{"type":"Feature","geometry":{"type":"Polygon","coordinates":[[[7.2491,48.0957],[7.4491,48.0957],[7.4491,48.2957],[7.2491,48.2957],[7.2491,48.0957]]]},"properties":{"CdUH":"230AC","code":"230AC","LbUH":"Unite hydrogeologique 230AC","nom":"Unite hydrogeologique 230AC","NatureUH":"LIBRE","nature":"LIBRE","nb_stations":1,"CdUH_N1":"230","type_source":"APPROX_BBOX"}},{"type":"Feature","geometry":{"type":"Polygon","coordinates":[[[6.8597,48.1365],[7.0597,48.1365],[7.0597,48.3365],[6.8597,48.3365],[6.8597,48.1365]]]},"properties":{"CdUH":"231AE","code":"231AE","LbUH":"Unite hydrogeologique 231AE","nom":"Unite hydrogeologique 231AE","NatureUH":"LIBRE","nature":"LIBRE","nb_stations":1,"CdUH_N1":"231","type_source":"APPROX_BBOX"}},{"type":"Feature","geometry":{"type":"Polygon","coordinates":[[[6.8176,47.9798],[7.0176,47.9798],[7.0176,48.1798],[6.8176,48.1798],[6.8176,47.9798]]]},"properties":{"CdUH":"231AG","code":"231AG","LbUH":"Unite hydrogeologique 231AG","nom":"Unite hydrogeologique 231AG","NatureUH":"LIBRE","nature":"LIBRE","nb_stations":1,"CdUH_N1":"231","type_source":"APPROX_BBOX"}},{"type":"Feature","geometry":{"type":"Polygon","coordinates":[[[6.4496,47.746],[6.6496,47.746],[6.6496,47.946],[6.4496,47.946],[6.4496,47.746]]]},"properties":{"CdUH":"231AJ","code":"231AJ","LbUH":"Unite hydrogeologique 231AJ","nom":"Unite hydrogeologique 231AJ","NatureUH":"LIBRE","nature":"LIBRE","nb_stations":1,"CdUH_N1":"231","type_source":"APPROX_BBOX"}},{"type":"Feature","geometry":{"type":"Polygon","coordinates":[[[6.9049,47.7242],[7.2443,47.7242],[7.2443,47.9813],[6.9049,47.9813],[6.9049,47.7242]]]},"properties":{"CdUH":"231AN","code":"231AN","LbUH":"Unite hydrogeologique 231AN","nom":"Unite hydrogeologique 231AN","NatureUH":"LIBRE","nature":"LIBRE","nb_stations":2,"CdUH_N1":"231","type_source":"APPROX_BBOX"}},{"type":"Feature","geometry":{"type":"Polygon","coordinates":[[[6.9665,47.8149],[7.2947,47.8149],[7.2947,48.1541],[6.9665,48.1541],[6.9665,47.8149]]]},"properties":{"CdUH":"231AO","code":"231AO","LbUH":"Unite hydrogeologique 231AO","nom":"Unite hydrogeologique 231AO","NatureUH":"LIBRE","nature":"LIBRE","nb_stations":3,"CdUH_N1":"231","type_source":"APPROX_BBOX"}},{"type":"Feature","geometry":{"type":"Polygon","coordinates":[[[-0.7777,43.4989],[1.3643,43.4989],[1.3643,45.0974],[-0.7777,45.0974],[-0.7777,43.4989]]]},"properties":{"CdUH":"306AA","code":"306AA","LbUH":"Unite hydrogeologique 306AA","nom":"Unite hydrogeologique 306AA","NatureUH":"LIBRE","nature":"LIBRE","nb_stations":26,"CdUH_N1":"306","type_source":"APPROX_BBOX"}},{"type":"Feature","geometry":{"type":"Polygon","coordinates":[[[-1.5927,43.4522],[-1.0494,43.4522],[-1.0494,45.9289],[-1.5927,45.9289],[-1.5927,43.4522]]]},"properties":{"CdUH":"308AA","code":"308AA","LbUH":"Unite hydrogeologique 308AA","nom":"Unite hydrogeologique 308AA","NatureUH":"LIBRE","nature":"LIBRE","nb_stations":9,"CdUH_N1":"308","type_source":"APPROX_BBOX"}},{"type":"Feature","geometry":{"type":"Polygon","coordinates":[[[-1.5272,43.5584],[0.2482,43.5584],[0.2482,45.4561],[-1.5272,45.4561],[-1.5272,43.5584]]]},"properties":{"CdUH":"308AC","code":"308AC","LbUH":"Unite hydrogeologique 308AC","nom":"Unite hydrogeologique 308AC","NatureUH":"LIBRE","nature":"LIBRE","nb_stations":51,"CdUH_N1":"308","type_source":"APPROX_BBOX"}},{"type":"Feature","geometry":{"type":"Polygon","coordinates":[[[-0.2087,43.7665],[0.0009,43.7665],[0.0009,43.983],[-0.2087,43.983],[-0.2087,43.7665]]]},"properties":{"CdUH":"312AA","code":"312AA","LbUH":"Unite hydrogeologique 312AA","nom":"Unite hydrogeologique 312AA","NatureUH":"LIBRE","nature":"LIBRE","nb_stations":3,"CdUH_N1":"312","type_source":"APPROX_BBOX"}},{"type":"Feature","geometry":{"type":"Polygon","coordinates":[[[-1.4583,43.6751],[-0.0056,43.6751],[-0.0056,45.1041],[-1.4583,45.1041],[-1.4583,43.6751]]]},"properties":{"CdUH":"316AA","code":"316AA","LbUH":"Unite hydrogeologique 316AA","nom":"Unite hydrogeologique 316AA","NatureUH":"LIBRE","nature":"LIBRE","nb_stations":40,"CdUH_N1":"316","type_source":"APPROX_BBOX"}},{"type":"Feature","geometry":{"type":"Polygon","coordinates":[[[-1.3172,43.5945],[0.2744,43.5945],[0.2744,45.1249],[-1.3172,45.1249],[-1.3172,43.5945]]]},"properties":{"CdUH":"320AA","code":"320AA","LbUH":"Unite hydrogeologique 320AA","nom":"Unite hydrogeologique 320AA","NatureUH":"LIBRE","nature":"LIBRE","nb_stations":118,"CdUH_N1":"320","type_source":"APPROX_BBOX"}},{"type":"Feature","geometry":{"type":"Polygon","coordinates":[[[0.0555,43.0534],[1.9633,43.0534],[1.9633,44.5217],[0.0555,44.5217],[0.0555,43.0534]]]},"properties":{"CdUH":"322AA","code":"322AA","LbUH":"Unite hydrogeologique 322AA","nom":"Unite hydrogeologique 322AA","NatureUH":"LIBRE","nature":"LIBRE","nb_stations":12,"CdUH_N1":"322","type_source":"APPROX_BBOX"}},{"type":"Feature","geometry":{"type":"Polygon","coordinates":[[[-1.3301,43.6068],[-0.0454,43.6068],[-0.0454,45.4561],[-1.3301,45.4561],[-1.3301,43.6068]]]},"properties":{"CdUH":"324AA","code":"324AA","LbUH":"Unite hydrogeologique 324AA","nom":"Unite hydrogeologique 324AA","NatureUH":"LIBRE","nature":"LIBRE","nb_stations":212,"CdUH_N1":"324","type_source":"APPROX_BBOX"}},{"type":"Feature","geometry":{"type":"Polygon","coordinates":[[[-1.1515,43.0443],[2.0977,43.0443],[2.0977,44.8803],[-1.1515,44.8803],[-1.1515,43.0443]]]},"properties":{"CdUH":"326AA","code":"326AA","LbUH":"Unite hydrogeologique 326AA","nom":"Unite hydrogeologique 326AA","NatureUH":"LIBRE","nature":"LIBRE","nb_stations":12,"CdUH_N1":"326","type_source":"APPROX_BBOX"}},{"type":"Feature","geometry":{"type":"Polygon","coordinates":[[[-1.245,44.5326],[0.4982,44.5326],[0.4982,45.5432],[-1.245,45.5432],[-1.245,44.5326]]]},"properties":{"CdUH":"328AA","code":"328AA","LbUH":"Unite hydrogeologique 328AA","nom":"Unite hydrogeologique 328AA","NatureUH":"LIBRE","nature":"LIBRE","nb_stations":14,"CdUH_N1":"328","type_source":"APPROX_BBOX"}},{"type":"Feature","geometry":{"type":"Polygon","coordinates":[[[-0.5961,42.9482],[1.9962,42.9482],[1.9962,45.1817],[-0.5961,45.1817],[-0.5961,42.9482]]]},"properties":{"CdUH":"330AA","code":"330AA","LbUH":"Unite hydrogeologique 330AA","nom":"Unite hydrogeologique 330AA","NatureUH":"LIBRE","nature":"LIBRE","nb_stations":3,"CdUH_N1":"330","type_source":"APPROX_BBOX"}},{"type":"Feature","geometry":{"type":"Polygon","coordinates":[[[2.1849,43.4491],[2.4087,43.4491],[2.4087,43.6687],[2.1849,43.6687],[2.1849,43.4491]]]},"properties":{"CdUH":"332AA","code":"332AA","LbUH":"Unite hydrogeologique 332AA","nom":"Unite hydrogeologique 332AA","NatureUH":"LIBRE","nature":"LIBRE","nb_stations":2,"CdUH_N1":"332","type_source":"APPROX_BBOX"}},{"type":"Feature","geometry":{"type":"Polygon","coordinates":[[[-1.2769,43.5406],[-1.0769,43.5406],[-1.0769,43.7406],[-1.2769,43.7406],[-1.2769,43.5406]]]},"properties":{"CdUH":"334AA","code":"334AA","LbUH":"Unite hydrogeologique 334AA","nom":"Unite hydrogeologique 334AA","NatureUH":"LIBRE","nature":"LIBRE","nb_stations":1,"CdUH_N1":"334","type_source":"APPROX_BBOX"}},{"type":"Feature","geometry":{"type":"Polygon","coordinates":[[[-0.4993,43.1358],[1.4712,43.1358],[1.4712,44.1329],[-0.4993,44.1329],[-0.4993,43.1358]]]},"properties":{"CdUH":"334AC","code":"334AC","LbUH":"Unite hydrogeologique 334AC","nom":"Unite hydrogeologique 334AC","NatureUH":"LIBRE","nature":"LIBRE","nb_stations":33,"CdUH_N1":"334","type_source":"APPROX_BBOX"}},{"type":"Feature","geometry":{"type":"Polygon","coordinates":[[[-0.4726,43.5952],[-0.2726,43.5952],[-0.2726,43.7952],[-0.4726,43.7952],[-0.4726,43.5952]]]},"properties":{"CdUH":"334AE","code":"334AE","LbUH":"Unite hydrogeologique 334AE","nom":"Unite hydrogeologique 334AE","NatureUH":"LIBRE","nature":"LIBRE","nb_stations":1,"CdUH_N1":"334","type_source":"APPROX_BBOX"}},{"type":"Feature","geometry":{"type":"Polygon","coordinates":[[[-1.2688,44.2879],[0.6237,44.2879],[0.6237,45.6464],[-1.2688,45.6464],[-1.2688,44.2879]]]},"properties":{"CdUH":"334AG","code":"334AG","LbUH":"Unite hydrogeologique 334AG","nom":"Unite hydrogeologique 334AG","NatureUH":"LIBRE","nature":"LIBRE","nb_stations":280,"CdUH_N1":"334","type_source":"APPROX_BBOX"}},{"type":"Feature","geometry":{"type":"Polygon","coordinates":[[[1.8611,43.1703],[2.964,43.1703],[2.964,43.4849],[1.8611,43.4849],[1.8611,43.1703]]]},"properties":{"CdUH":"334AJ","code":"334AJ","LbUH":"Unite hydrogeologique 334AJ","nom":"Unite hydrogeologique 334AJ","NatureUH":"LIBRE","nature":"LIBRE","nb_stations":17,"CdUH_N1":"334","type_source":"APPROX_BBOX"}},{"type":"Feature","geometry":{"type":"Polygon","coordinates":[[[2.0878,42.896],[2.2878,42.896],[2.2878,43.096],[2.0878,43.096],[2.0878,42.896]]]},"properties":{"CdUH":"334AK","code":"334AK","LbUH":"Unite hydrogeologique 334AK","nom":"Unite hydrogeologique 334AK","NatureUH":"LIBRE","nature":"LIBRE","nb_stations":1,"CdUH_N1":"334","type_source":"APPROX_BBOX"}},{"type":"Feature","geometry":{"type":"Polygon","coordinates":[[[2.014,42.8358],[2.6143,42.8358],[2.6143,43.2455],[2.014,43.2455],[2.014,42.8358]]]},"properties":{"CdUH":"334AM","code":"334AM","LbUH":"Unite hydrogeologique 334AM","nom":"Unite hydrogeologique 334AM","NatureUH":"LIBRE","nature":"LIBRE","nb_stations":3,"CdUH_N1":"334","type_source":"APPROX_BBOX"}},{"type":"Feature","geometry":{"type":"Polygon","coordinates":[[[-1.1528,43.6254],[-0.9528,43.6254],[-0.9528,43.8254],[-1.1528,43.8254],[-1.1528,43.6254]]]},"properties":{"CdUH":"338AA","code":"338AA","LbUH":"Unite hydrogeologique 338AA","nom":"Unite hydrogeologique 338AA","NatureUH":"LIBRE","nature":"LIBRE","nb_stations":1,"CdUH_N1":"338","type_source":"APPROX_BBOX"}},{"type":"Feature","geometry":{"type":"Polygon","coordinates":[[[-1.1353,43.1889],[0.9385,43.1889],[0.9385,44.0101],[-1.1353,44.0101],[-1.1353,43.1889]]]},"properties":{"CdUH":"340AA","code":"340AA","LbUH":"Unite hydrogeologique 340AA","nom":"Unite hydrogeologique 340AA","NatureUH":"LIBRE","nature":"LIBRE","nb_stations":12,"CdUH_N1":"340","type_source":"APPROX_BBOX"}},{"type":"Feature","geometry":{"type":"Polygon","coordinates":[[[-0.0391,46.0099],[0.1609,46.0099],[0.1609,46.2099],[-0.0391,46.2099],[-0.0391,46.0099]]]},"properties":{"CdUH":"342AA","code":"342AA","LbUH":"Unite hydrogeologique 342AA","nom":"Unite hydrogeologique 342AA","NatureUH":"LIBRE","nature":"LIBRE","nb_stations":1,"CdUH_N1":"342","type_source":"APPROX_BBOX"}},{"type":"Feature","geometry":{"type":"Polygon","coordinates":[[[-1.1679,43.6879],[1.0801,43.6879],[1.0801,45.6314],[-1.1679,45.6314],[-1.1679,43.6879]]]},"properties":{"CdUH":"344AA","code":"344AA","LbUH":"Unite hydrogeologique 344AA","nom":"Unite hydrogeologique 344AA","NatureUH":"LIBRE","nature":"LIBRE","nb_stations":61,"CdUH_N1":"344","type_source":"APPROX_BBOX"}},{"type":"Feature","geometry":{"type":"Polygon","coordinates":[[[-0.867,44.5814],[1.0227,44.5814],[1.0227,45.8454],[-0.867,45.8454],[-0.867,44.5814]]]},"properties":{"CdUH":"346AA","code":"346AA","LbUH":"Unite hydrogeologique 346AA","nom":"Unite hydrogeologique 346AA","NatureUH":"LIBRE","nature":"LIBRE","nb_stations":8,"CdUH_N1":"346","type_source":"APPROX_BBOX"}},{"type":"Feature","geometry":{"type":"Polygon","coordinates":[[[-1.2248,44.158],[1.4264,44.158],[1.4264,45.9824],[-1.2248,45.9824],[-1.2248,44.158]]]},"properties":{"CdUH":"348AA","code":"348AA","LbUH":"Unite hydrogeologique 348AA","nom":"Unite hydrogeologique 348AA","NatureUH":"LIBRE","nature":"LIBRE","nb_stations":123,"CdUH_N1":"348","type_source":"APPROX_BBOX"}},{"type":"Feature","geometry":{"type":"Polygon","coordinates":[[[0.183,44.3597],[0.383,44.3597],[0.383,44.5597],[0.183,44.5597],[0.183,44.3597]]]},"properties":{"CdUH":"348AC","code":"348AC","LbUH":"Unite hydrogeologique 348AC","nom":"Unite hydrogeologique 348AC","NatureUH":"LIBRE","nature":"LIBRE","nb_stations":1,"CdUH_N1":"348","type_source":"APPROX_BBOX"}},{"type":"Feature","geometry":{"type":"Polygon","coordinates":[[[-1.4669,43.9418],[0.6491,43.9418],[0.6491,46.0882],[-1.4669,46.0882],[-1.4669,43.9418]]]},"properties":{"CdUH":"348AE","code":"348AE","LbUH":"Unite hydrogeologique 348AE","nom":"Unite hydrogeologique 348AE","NatureUH":"LIBRE","nature":"LIBRE","nb_stations":52,"CdUH_N1":"348","type_source":"APPROX_BBOX"}},{"type":"Feature","geometry":{"type":"Polygon","coordinates":[[[-0.7788,43.6171],[-0.4562,43.6171],[-0.4562,43.8231],[-0.7788,43.8231],[-0.7788,43.6171]]]},"properties":{"CdUH":"348AG","code":"348AG","LbUH":"Unite hydrogeologique 348AG","nom":"Unite hydrogeologique 348AG","NatureUH":"LIBRE","nature":"LIBRE","nb_stations":4,"CdUH_N1":"348","type_source":"APPROX_BBOX"}},{"type":"Feature","geometry":{"type":"Polygon","coordinates":[[[-1.2265,43.5142],[-0.8753,43.5142],[-0.8753,44.7069],[-1.2265,44.7069],[-1.2265,43.5142]]]},"properties":{"CdUH":"350AA","code":"350AA","LbUH":"Unite hydrogeologique 350AA","nom":"Unite hydrogeologique 350AA","NatureUH":"LIBRE","nature":"LIBRE","nb_stations":2,"CdUH_N1":"350","type_source":"APPROX_BBOX"}},{"type":"Feature","geometry":{"type":"Polygon","coordinates":[[[-0.7202,44.2499],[1.3739,44.2499],[1.3739,44.9369],[-0.7202,44.9369],[-0.7202,44.2499]]]},"properties":{"CdUH":"352AA","code":"352AA","LbUH":"Unite hydrogeologique 352AA","nom":"Unite hydrogeologique 352AA","NatureUH":"LIBRE","nature":"LIBRE","nb_stations":5,"CdUH_N1":"352","type_source":"APPROX_BBOX"}},{"type":"Feature","geometry":{"type":"Polygon","coordinates":[[[-1.5323,45.5854],[0.2504,45.5854],[0.2504,46.5325],[-1.5323,46.5325],[-1.5323,45.5854]]]},"properties":{"CdUH":"352AC","code":"352AC","LbUH":"Unite hydrogeologique 352AC","nom":"Unite hydrogeologique 352AC","NatureUH":"LIBRE","nature":"LIBRE","nb_stations":61,"CdUH_N1":"352","type_source":"APPROX_BBOX"}},{"type":"Feature","geometry":{"type":"Polygon","coordinates":[[[-1.3047,44.3908],[1.1869,44.3908],[1.1869,46.2045],[-1.3047,46.2045],[-1.3047,44.3908]]]},"properties":{"CdUH":"356AA","code":"356AA","LbUH":"Unite hydrogeologique 356AA","nom":"Unite hydrogeologique 356AA","NatureUH":"LIBRE","nature":"LIBRE","nb_stations":6,"CdUH_N1":"356","type_source":"APPROX_BBOX"}},{"type":"Feature","geometry":{"type":"Polygon","coordinates":[[[-0.0119,44.1769],[1.5995,44.1769],[1.5995,45.562],[-0.0119,45.562],[-0.0119,44.1769]]]},"properties":{"CdUH":"356AB","code":"356AB","LbUH":"Unite hydrogeologique 356AB","nom":"Unite hydrogeologique 356AB","NatureUH":"LIBRE","nature":"LIBRE","nb_stations":15,"CdUH_N1":"356","type_source":"APPROX_BBOX"}},{"type":"Feature","geometry":{"type":"Polygon","coordinates":[[[-0.7328,46.1257],[0.1423,46.1257],[0.1423,46.4959],[-0.7328,46.4959],[-0.7328,46.1257]]]},"properties":{"CdUH":"358AD","code":"358AD","LbUH":"Unite hydrogeologique 358AD","nom":"Unite hydrogeologique 358AD","NatureUH":"LIBRE","nature":"LIBRE","nb_stations":5,"CdUH_N1":"358","type_source":"APPROX_BBOX"}},{"type":"Feature","geometry":{"type":"Polygon","coordinates":[[[-0.6479,43.9563],[1.8909,43.9563],[1.8909,46.442],[-0.6479,46.442],[-0.6479,43.9563]]]},"properties":{"CdUH":"358AE","code":"358AE","LbUH":"Unite hydrogeologique 358AE","nom":"Unite hydrogeologique 358AE","NatureUH":"LIBRE","nature":"LIBRE","nb_stations":60,"CdUH_N1":"358","type_source":"APPROX_BBOX"}},{"type":"Feature","geometry":{"type":"Polygon","coordinates":[[[-0.279,45.7729],[0.3804,45.7729],[0.3804,46.3276],[-0.279,46.3276],[-0.279,45.7729]]]},"properties":{"CdUH":"358AF","code":"358AF","LbUH":"Unite hydrogeologique 358AF","nom":"Unite hydrogeologique 358AF","NatureUH":"LIBRE","nature":"LIBRE","nb_stations":11,"CdUH_N1":"358","type_source":"APPROX_BBOX"}},{"type":"Feature","geometry":{"type":"Polygon","coordinates":[[[3.1148,44.2344],[3.6023,44.2344],[3.6023,44.5818],[3.1148,44.5818],[3.1148,44.2344]]]},"properties":{"CdUH":"358AI","code":"358AI","LbUH":"Unite hydrogeologique 358AI","nom":"Unite hydrogeologique 358AI","NatureUH":"LIBRE","nature":"LIBRE","nb_stations":7,"CdUH_N1":"358","type_source":"APPROX_BBOX"}},{"type":"Feature","geometry":{"type":"Polygon","coordinates":[[[0.227,45.4878],[0.6475,45.4878],[0.6475,45.8817],[0.227,45.8817],[0.227,45.4878]]]},"properties":{"CdUH":"359AA","code":"359AA","LbUH":"Unite hydrogeologique 359AA","nom":"Unite hydrogeologique 359AA","NatureUH":"LIBRE","nature":"LIBRE","nb_stations":7,"CdUH_N1":"359","type_source":"APPROX_BBOX"}},{"type":"Feature","geometry":{"type":"Polygon","coordinates":[[[-1.1777,46.3087],[-0.5871,46.3087],[-0.5871,46.7873],[-1.1777,46.7873],[-1.1777,46.3087]]]},"properties":{"CdUH":"360AA","code":"360AA","LbUH":"Unite hydrogeologique 360AA","nom":"Unite hydrogeologique 360AA","NatureUH":"LIBRE","nature":"LIBRE","nb_stations":3,"CdUH_N1":"360","type_source":"APPROX_BBOX"}},{"type":"Feature","geometry":{"type":"Polygon","coordinates":[[[1.565,44.6394],[1.9543,44.6394],[1.9543,45.12],[1.565,45.12],[1.565,44.6394]]]},"properties":{"CdUH":"362AA","code":"362AA","LbUH":"Unite hydrogeologique 362AA","nom":"Unite hydrogeologique 362AA","NatureUH":"LIBRE","nature":"LIBRE","nb_stations":2,"CdUH_N1":"362","type_source":"APPROX_BBOX"}},{"type":"Feature","geometry":{"type":"Polygon","coordinates":[[[3.0941,43.5952],[3.8906,43.5952],[3.8906,44.5291],[3.0941,44.5291],[3.0941,43.5952]]]},"properties":{"CdUH":"362AC","code":"362AC","LbUH":"Unite hydrogeologique 362AC","nom":"Unite hydrogeologique 362AC","NatureUH":"LIBRE","nature":"LIBRE","nb_stations":7,"CdUH_N1":"362","type_source":"APPROX_BBOX"}},{"type":"Feature","geometry":{"type":"Polygon","coordinates":[[[-0.3174,45.5096],[0.5956,45.5096],[0.5956,46.3131],[-0.3174,46.3131],[-0.3174,45.5096]]]},"properties":{"CdUH":"362AE","code":"362AE","LbUH":"Unite hydrogeologique 362AE","nom":"Unite hydrogeologique 362AE","NatureUH":"LIBRE","nature":"LIBRE","nb_stations":10,"CdUH_N1":"362","type_source":"APPROX_BBOX"}},{"type":"Feature","geometry":{"type":"Polygon","coordinates":[[[-1.2821,46.1256],[0.1407,46.1256],[0.1407,46.6451],[-1.2821,46.6451],[-1.2821,46.1256]]]},"properties":{"CdUH":"362AF","code":"362AF","LbUH":"Unite hydrogeologique 362AF","nom":"Unite hydrogeologique 362AF","NatureUH":"LIBRE","nature":"LIBRE","nb_stations":13,"CdUH_N1":"362","type_source":"APPROX_BBOX"}},{"type":"Feature","geometry":{"type":"Polygon","coordinates":[[[-0.5171,45.1704],[1.158,45.1704],[1.158,46.3863],[-0.5171,46.3863],[-0.5171,45.1704]]]},"properties":{"CdUH":"362AG","code":"362AG","LbUH":"Unite hydrogeologique 362AG","nom":"Unite hydrogeologique 362AG","NatureUH":"LIBRE","nature":"LIBRE","nb_stations":3,"CdUH_N1":"362","type_source":"APPROX_BBOX"}},{"type":"Feature","geometry":{"type":"Polygon","coordinates":[[[1.2739,44.6289],[2.0257,44.6289],[2.0257,45.2418],[1.2739,45.2418],[1.2739,44.6289]]]},"properties":{"CdUH":"366AA","code":"366AA","LbUH":"Unite hydrogeologique 366AA","nom":"Unite hydrogeologique 366AA","NatureUH":"LIBRE","nature":"LIBRE","nb_stations":3,"CdUH_N1":"366","type_source":"APPROX_BBOX"}},{"type":"Feature","geometry":{"type":"Polygon","coordinates":[[[3.1891,43.4854],[3.5153,43.4854],[3.5153,43.8777],[3.1891,43.8777],[3.1891,43.4854]]]},"properties":{"CdUH":"366AE","code":"366AE","LbUH":"Unite hydrogeologique 366AE","nom":"Unite hydrogeologique 366AE","NatureUH":"LIBRE","nature":"LIBRE","nb_stations":3,"CdUH_N1":"366","type_source":"APPROX_BBOX"}},{"type":"Feature","geometry":{"type":"Polygon","coordinates":[[[2.1512,44.4233],[2.3868,44.4233],[2.3868,44.6575],[2.1512,44.6575],[2.1512,44.4233]]]},"properties":{"CdUH":"368AA","code":"368AA","LbUH":"Unite hydrogeologique 368AA","nom":"Unite hydrogeologique 368AA","NatureUH":"LIBRE","nature":"LIBRE","nb_stations":14,"CdUH_N1":"368","type_source":"APPROX_BBOX"}},{"type":"Feature","geometry":{"type":"Polygon","coordinates":[[[2.2406,43.3588],[2.9586,43.3588],[2.9586,43.718],[2.2406,43.718],[2.2406,43.3588]]]},"properties":{"CdUH":"370AC","code":"370AC","LbUH":"Unite hydrogeologique 370AC","nom":"Unite hydrogeologique 370AC","NatureUH":"LIBRE","nature":"LIBRE","nb_stations":5,"CdUH_N1":"370","type_source":"APPROX_BBOX"}},{"type":"Feature","geometry":{"type":"Polygon","coordinates":[[[2.4411,44.5687],[3.587,44.5687],[3.587,44.9209],[2.4411,44.9209],[2.4411,44.5687]]]},"properties":{"CdUH":"370AG","code":"370AG","LbUH":"Unite hydrogeologique 370AG","nom":"Unite hydrogeologique 370AG","NatureUH":"LIBRE","nature":"LIBRE","nb_stations":3,"CdUH_N1":"370","type_source":"APPROX_BBOX"}},{"type":"Feature","geometry":{"type":"Polygon","coordinates":[[[1.9942,44.6721],[2.1942,44.6721],[2.1942,44.8721],[1.9942,44.8721],[1.9942,44.6721]]]},"properties":{"CdUH":"370AJ","code":"370AJ","LbUH":"Unite hydrogeologique 370AJ","nom":"Unite hydrogeologique 370AJ","NatureUH":"LIBRE","nature":"LIBRE","nb_stations":1,"CdUH_N1":"370","type_source":"APPROX_BBOX"}},{"type":"Feature","geometry":{"type":"Polygon","coordinates":[[[2.992,44.3864],[3.835,44.3864],[3.835,44.7393],[2.992,44.7393],[2.992,44.3864]]]},"properties":{"CdUH":"370AK","code":"370AK","LbUH":"Unite hydrogeologique 370AK","nom":"Unite hydrogeologique 370AK","NatureUH":"LIBRE","nature":"LIBRE","nb_stations":4,"CdUH_N1":"370","type_source":"APPROX_BBOX"}},{"type":"Feature","geometry":{"type":"Polygon","coordinates":[[[2.1114,45.1414],[2.3463,45.1414],[2.3463,45.7004],[2.1114,45.7004],[2.1114,45.1414]]]},"properties":{"CdUH":"372AA","code":"372AA","LbUH":"Unite hydrogeologique 372AA","nom":"Unite hydrogeologique 372AA","NatureUH":"LIBRE","nature":"LIBRE","nb_stations":2,"CdUH_N1":"372","type_source":"APPROX_BBOX"}},{"type":"Feature","geometry":{"type":"Polygon","coordinates":[[[1.8888,44.7112],[2.5008,44.7112],[2.5008,45.5707],[1.8888,45.5707],[1.8888,44.7112]]]},"properties":{"CdUH":"372AC","code":"372AC","LbUH":"Unite hydrogeologique 372AC","nom":"Unite hydrogeologique 372AC","NatureUH":"LIBRE","nature":"LIBRE","nb_stations":5,"CdUH_N1":"372","type_source":"APPROX_BBOX"}},{"type":"Feature","geometry":{"type":"Polygon","coordinates":[[[1.4334,45.1505],[2.1434,45.1505],[2.1434,45.7378],[1.4334,45.7378],[1.4334,45.1505]]]},"properties":{"CdUH":"372AG","code":"372AG","LbUH":"Unite hydrogeologique 372AG","nom":"Unite hydrogeologique 372AG","NatureUH":"LIBRE","nature":"LIBRE","nb_stations":5,"CdUH_N1":"372","type_source":"APPROX_BBOX"}},{"type":"Feature","geometry":{"type":"Polygon","coordinates":[[[1.0356,45.2983],[1.3106,45.2983],[1.3106,45.7166],[1.0356,45.7166],[1.0356,45.2983]]]},"properties":{"CdUH":"372AK","code":"372AK","LbUH":"Unite hydrogeologique 372AK","nom":"Unite hydrogeologique 372AK","NatureUH":"LIBRE","nature":"LIBRE","nb_stations":2,"CdUH_N1":"372","type_source":"APPROX_BBOX"}},{"type":"Feature","geometry":{"type":"Polygon","coordinates":[[[0.8748,45.4995],[1.0748,45.4995],[1.0748,45.6995],[0.8748,45.6995],[0.8748,45.4995]]]},"properties":{"CdUH":"372AM","code":"372AM","LbUH":"Unite hydrogeologique 372AM","nom":"Unite hydrogeologique 372AM","NatureUH":"LIBRE","nature":"LIBRE","nb_stations":1,"CdUH_N1":"372","type_source":"APPROX_BBOX"}},{"type":"Feature","geometry":{"type":"Polygon","coordinates":[[[0.6311,45.5724],[0.8633,45.5724],[0.8633,45.8087],[0.6311,45.8087],[0.6311,45.5724]]]},"properties":{"CdUH":"374AC","code":"374AC","LbUH":"Unite hydrogeologique 374AC","nom":"Unite hydrogeologique 374AC","NatureUH":"LIBRE","nature":"LIBRE","nb_stations":2,"CdUH_N1":"374","type_source":"APPROX_BBOX"}},{"type":"Feature","geometry":{"type":"Polygon","coordinates":[[[1.3804,42.6664],[1.5804,42.6664],[1.5804,42.8664],[1.3804,42.8664],[1.3804,42.6664]]]},"properties":{"CdUH":"400AA","code":"400AA","LbUH":"Unite hydrogeologique 400AA","nom":"Unite hydrogeologique 400AA","NatureUH":"LIBRE","nature":"LIBRE","nb_stations":1,"CdUH_N1":"400","type_source":"APPROX_BBOX"}},{"type":"Feature","geometry":{"type":"Polygon","coordinates":[[[-0.6943,43.0185],[-0.4904,43.0185],[-0.4904,43.2196],[-0.6943,43.2196],[-0.6943,43.0185]]]},"properties":{"CdUH":"400AF","code":"400AF","LbUH":"Unite hydrogeologique 400AF","nom":"Unite hydrogeologique 400AF","NatureUH":"LIBRE","nature":"LIBRE","nb_stations":2,"CdUH_N1":"400","type_source":"APPROX_BBOX"}},{"type":"Feature","geometry":{"type":"Polygon","coordinates":[[[0.634,42.8554],[1.1489,42.8554],[1.1489,43.1149],[0.634,43.1149],[0.634,42.8554]]]},"properties":{"CdUH":"402AA","code":"402AA","LbUH":"Unite hydrogeologique 402AA","nom":"Unite hydrogeologique 402AA","NatureUH":"LIBRE","nature":"LIBRE","nb_stations":4,"CdUH_N1":"402","type_source":"APPROX_BBOX"}},{"type":"Feature","geometry":{"type":"Polygon","coordinates":[[[1.8344,42.6834],[2.3005,42.6834],[2.3005,43.0036],[1.8344,43.0036],[1.8344,42.6834]]]},"properties":{"CdUH":"402AR","code":"402AR","LbUH":"Unite hydrogeologique 402AR","nom":"Unite hydrogeologique 402AR","NatureUH":"LIBRE","nature":"LIBRE","nb_stations":3,"CdUH_N1":"402","type_source":"APPROX_BBOX"}},{"type":"Feature","geometry":{"type":"Polygon","coordinates":[[[1.1894,42.7493],[1.7007,42.7493],[1.7007,42.9708],[1.1894,42.9708],[1.1894,42.7493]]]},"properties":{"CdUH":"404AE","code":"404AE","LbUH":"Unite hydrogeologique 404AE","nom":"Unite hydrogeologique 404AE","NatureUH":"LIBRE","nature":"LIBRE","nb_stations":2,"CdUH_N1":"404","type_source":"APPROX_BBOX"}},{"type":"Feature","geometry":{"type":"Polygon","coordinates":[[[-0.4311,42.8583],[-0.2279,42.8583],[-0.2279,43.0618],[-0.4311,43.0618],[-0.4311,42.8583]]]},"properties":{"CdUH":"404AU","code":"404AU","LbUH":"Unite hydrogeologique 404AU","nom":"Unite hydrogeologique 404AU","NatureUH":"LIBRE","nature":"LIBRE","nb_stations":8,"CdUH_N1":"404","type_source":"APPROX_BBOX"}},{"type":"Feature","geometry":{"type":"Polygon","coordinates":[[[4.8107,46.5615],[5.3969,46.5615],[5.3969,47.259],[4.8107,47.259],[4.8107,46.5615]]]},"properties":{"CdUH":"505AA","code":"505AA","LbUH":"Unite hydrogeologique 505AA","nom":"Unite hydrogeologique 505AA","NatureUH":"LIBRE","nature":"LIBRE","nb_stations":6,"CdUH_N1":"505","type_source":"APPROX_BBOX"}},{"type":"Feature","geometry":{"type":"Polygon","coordinates":[[[4.6852,46.3029],[5.7059,46.3029],[5.7059,47.3892],[4.6852,47.3892],[4.6852,46.3029]]]},"properties":{"CdUH":"505AB","code":"505AB","LbUH":"Unite hydrogeologique 505AB","nom":"Unite hydrogeologique 505AB","NatureUH":"LIBRE","nature":"LIBRE","nb_stations":9,"CdUH_N1":"505","type_source":"APPROX_BBOX"}},{"type":"Feature","geometry":{"type":"Polygon","coordinates":[[[4.9144,47.1603],[5.1272,47.1603],[5.1272,47.3915],[4.9144,47.3915],[4.9144,47.1603]]]},"properties":{"CdUH":"505AC","code":"505AC","LbUH":"Unite hydrogeologique 505AC","nom":"Unite hydrogeologique 505AC","NatureUH":"LIBRE","nature":"LIBRE","nb_stations":3,"CdUH_N1":"505","type_source":"APPROX_BBOX"}},{"type":"Feature","geometry":{"type":"Polygon","coordinates":[[[4.9813,47.0838],[5.1813,47.0838],[5.1813,47.2838],[4.9813,47.2838],[4.9813,47.0838]]]},"properties":{"CdUH":"505AD","code":"505AD","LbUH":"Unite hydrogeologique 505AD","nom":"Unite hydrogeologique 505AD","NatureUH":"LIBRE","nature":"LIBRE","nb_stations":1,"CdUH_N1":"505","type_source":"APPROX_BBOX"}},{"type":"Feature","geometry":{"type":"Polygon","coordinates":[[[5.1818,47.1158],[5.3818,47.1158],[5.3818,47.3158],[5.1818,47.3158],[5.1818,47.1158]]]},"properties":{"CdUH":"505AE","code":"505AE","LbUH":"Unite hydrogeologique 505AE","nom":"Unite hydrogeologique 505AE","NatureUH":"LIBRE","nature":"LIBRE","nb_stations":1,"CdUH_N1":"505","type_source":"APPROX_BBOX"}},{"type":"Feature","geometry":{"type":"Polygon","coordinates":[[[4.8504,47.0375],[5.0504,47.0375],[5.0504,47.2375],[4.8504,47.2375],[4.8504,47.0375]]]},"properties":{"CdUH":"505AG","code":"505AG","LbUH":"Unite hydrogeologique 505AG","nom":"Unite hydrogeologique 505AG","NatureUH":"LIBRE","nature":"LIBRE","nb_stations":1,"CdUH_N1":"505","type_source":"APPROX_BBOX"}},{"type":"Feature","geometry":{"type":"Polygon","coordinates":[[[4.739,46.9533],[4.939,46.9533],[4.939,47.1533],[4.739,47.1533],[4.739,46.9533]]]},"properties":{"CdUH":"505AH","code":"505AH","LbUH":"Unite hydrogeologique 505AH","nom":"Unite hydrogeologique 505AH","NatureUH":"LIBRE","nature":"LIBRE","nb_stations":1,"CdUH_N1":"505","type_source":"APPROX_BBOX"}},{"type":"Feature","geometry":{"type":"Polygon","coordinates":[[[4.8573,46.9906],[5.0573,46.9906],[5.0573,47.1906],[4.8573,47.1906],[4.8573,46.9906]]]},"properties":{"CdUH":"505AI","code":"505AI","LbUH":"Unite hydrogeologique 505AI","nom":"Unite hydrogeologique 505AI","NatureUH":"LIBRE","nature":"LIBRE","nb_stations":1,"CdUH_N1":"505","type_source":"APPROX_BBOX"}},{"type":"Feature","geometry":{"type":"Polygon","coordinates":[[[4.9314,45.9056],[5.1314,45.9056],[5.1314,46.1056],[4.9314,46.1056],[4.9314,45.9056]]]},"properties":{"CdUH":"507AA","code":"507AA","LbUH":"Unite hydrogeologique 507AA","nom":"Unite hydrogeologique 507AA","NatureUH":"LIBRE","nature":"LIBRE","nb_stations":1,"CdUH_N1":"507","type_source":"APPROX_BBOX"}},{"type":"Feature","geometry":{"type":"Polygon","coordinates":[[[5.2134,46.0364],[5.4134,46.0364],[5.4134,46.2364],[5.2134,46.2364],[5.2134,46.0364]]]},"properties":{"CdUH":"507AB","code":"507AB","LbUH":"Unite hydrogeologique 507AB","nom":"Unite hydrogeologique 507AB","NatureUH":"LIBRE","nature":"LIBRE","nb_stations":1,"CdUH_N1":"507","type_source":"APPROX_BBOX"}},{"type":"Feature","geometry":{"type":"Polygon","coordinates":[[[4.7308,45.8678],[5.3002,45.8678],[5.3002,46.3575],[4.7308,46.3575],[4.7308,45.8678]]]},"properties":{"CdUH":"507AC","code":"507AC","LbUH":"Unite hydrogeologique 507AC","nom":"Unite hydrogeologique 507AC","NatureUH":"LIBRE","nature":"LIBRE","nb_stations":6,"CdUH_N1":"507","type_source":"APPROX_BBOX"}},{"type":"Feature","geometry":{"type":"Polygon","coordinates":[[[4.6379,45.9445],[4.863,45.9445],[4.863,46.2383],[4.6379,46.2383],[4.6379,45.9445]]]},"properties":{"CdUH":"507AD","code":"507AD","LbUH":"Unite hydrogeologique 507AD","nom":"Unite hydrogeologique 507AD","NatureUH":"LIBRE","nature":"LIBRE","nb_stations":3,"CdUH_N1":"507","type_source":"APPROX_BBOX"}},{"type":"Feature","geometry":{"type":"Polygon","coordinates":[[[4.9151,46.2127],[5.1176,46.2127],[5.1176,46.4148],[4.9151,46.4148],[4.9151,46.2127]]]},"properties":{"CdUH":"507AE","code":"507AE","LbUH":"Unite hydrogeologique 507AE","nom":"Unite hydrogeologique 507AE","NatureUH":"LIBRE","nature":"LIBRE","nb_stations":2,"CdUH_N1":"507","type_source":"APPROX_BBOX"}},{"type":"Feature","geometry":{"type":"Polygon","coordinates":[[[5.5939,46.9414],[5.7939,46.9414],[5.7939,47.1414],[5.5939,47.1414],[5.5939,46.9414]]]},"properties":{"CdUH":"509AA","code":"509AA","LbUH":"Unite hydrogeologique 509AA","nom":"Unite hydrogeologique 509AA","NatureUH":"LIBRE","nature":"LIBRE","nb_stations":1,"CdUH_N1":"509","type_source":"APPROX_BBOX"}},{"type":"Feature","geometry":{"type":"Polygon","coordinates":[[[5.6537,47.3902],[5.8537,47.3902],[5.8537,47.5902],[5.6537,47.5902],[5.6537,47.3902]]]},"properties":{"CdUH":"513AA","code":"513AA","LbUH":"Unite hydrogeologique 513AA","nom":"Unite hydrogeologique 513AA","NatureUH":"LIBRE","nature":"LIBRE","nb_stations":1,"CdUH_N1":"513","type_source":"APPROX_BBOX"}},{"type":"Feature","geometry":{"type":"Polygon","coordinates":[[[5.4746,47.1709],[6.171,47.1709],[6.171,47.4859],[5.4746,47.4859],[5.4746,47.1709]]]},"properties":{"CdUH":"513AB","code":"513AB","LbUH":"Unite hydrogeologique 513AB","nom":"Unite hydrogeologique 513AB","NatureUH":"LIBRE","nature":"LIBRE","nb_stations":2,"CdUH_N1":"513","type_source":"APPROX_BBOX"}},{"type":"Feature","geometry":{"type":"Polygon","coordinates":[[[5.5041,47.3537],[5.7942,47.3537],[5.7942,47.6425],[5.5041,47.6425],[5.5041,47.3537]]]},"properties":{"CdUH":"513AC","code":"513AC","LbUH":"Unite hydrogeologique 513AC","nom":"Unite hydrogeologique 513AC","NatureUH":"LIBRE","nature":"LIBRE","nb_stations":2,"CdUH_N1":"513","type_source":"APPROX_BBOX"}},{"type":"Feature","geometry":{"type":"Polygon","coordinates":[[[6.6495,47.4692],[6.8495,47.4692],[6.8495,47.6692],[6.6495,47.6692],[6.6495,47.4692]]]},"properties":{"CdUH":"515AB","code":"515AB","LbUH":"Unite hydrogeologique 515AB","nom":"Unite hydrogeologique 515AB","NatureUH":"LIBRE","nature":"LIBRE","nb_stations":1,"CdUH_N1":"515","type_source":"APPROX_BBOX"}},{"type":"Feature","geometry":{"type":"Polygon","coordinates":[[[6.9095,47.4997],[7.124,47.4997],[7.124,47.7089],[6.9095,47.7089],[6.9095,47.4997]]]},"properties":{"CdUH":"515AC","code":"515AC","LbUH":"Unite hydrogeologique 515AC","nom":"Unite hydrogeologique 515AC","NatureUH":"LIBRE","nature":"LIBRE","nb_stations":3,"CdUH_N1":"515","type_source":"APPROX_BBOX"}},{"type":"Feature","geometry":{"type":"Polygon","coordinates":[[[6.02,47.0192],[6.3983,47.0192],[6.3983,47.3406],[6.02,47.3406],[6.02,47.0192]]]},"properties":{"CdUH":"515AE","code":"515AE","LbUH":"Unite hydrogeologique 515AE","nom":"Unite hydrogeologique 515AE","NatureUH":"LIBRE","nature":"LIBRE","nb_stations":2,"CdUH_N1":"515","type_source":"APPROX_BBOX"}},{"type":"Feature","geometry":{"type":"Polygon","coordinates":[[[6.0448,47.1442],[6.2448,47.1442],[6.2448,47.3442],[6.0448,47.3442],[6.0448,47.1442]]]},"properties":{"CdUH":"515AF","code":"515AF","LbUH":"Unite hydrogeologique 515AF","nom":"Unite hydrogeologique 515AF","NatureUH":"LIBRE","nature":"LIBRE","nb_stations":1,"CdUH_N1":"515","type_source":"APPROX_BBOX"}},{"type":"Feature","geometry":{"type":"Polygon","coordinates":[[[5.7885,46.6255],[5.9885,46.6255],[5.9885,46.8255],[5.7885,46.8255],[5.7885,46.6255]]]},"properties":{"CdUH":"515AI","code":"515AI","LbUH":"Unite hydrogeologique 515AI","nom":"Unite hydrogeologique 515AI","NatureUH":"LIBRE","nature":"LIBRE","nb_stations":1,"CdUH_N1":"515","type_source":"APPROX_BBOX"}},{"type":"Feature","geometry":{"type":"Polygon","coordinates":[[[6.2796,46.8574],[6.5928,46.8574],[6.5928,47.2754],[6.2796,47.2754],[6.2796,46.8574]]]},"properties":{"CdUH":"515AJ","code":"515AJ","LbUH":"Unite hydrogeologique 515AJ","nom":"Unite hydrogeologique 515AJ","NatureUH":"LIBRE","nature":"LIBRE","nb_stations":2,"CdUH_N1":"515","type_source":"APPROX_BBOX"}},{"type":"Feature","geometry":{"type":"Polygon","coordinates":[[[5.4775,45.7382],[5.6823,45.7382],[5.6823,45.9393],[5.4775,45.9393],[5.4775,45.7382]]]},"properties":{"CdUH":"515AL","code":"515AL","LbUH":"Unite hydrogeologique 515AL","nom":"Unite hydrogeologique 515AL","NatureUH":"LIBRE","nature":"LIBRE","nb_stations":2,"CdUH_N1":"515","type_source":"APPROX_BBOX"}},{"type":"Feature","geometry":{"type":"Polygon","coordinates":[[[5.5481,45.5839],[5.8077,45.5839],[5.8077,45.8666],[5.5481,45.8666],[5.5481,45.5839]]]},"properties":{"CdUH":"515AM","code":"515AM","LbUH":"Unite hydrogeologique 515AM","nom":"Unite hydrogeologique 515AM","NatureUH":"LIBRE","nature":"LIBRE","nb_stations":3,"CdUH_N1":"515","type_source":"APPROX_BBOX"}},{"type":"Feature","geometry":{"type":"Polygon","coordinates":[[[5.5628,46.21],[5.7628,46.21],[5.7628,46.41],[5.5628,46.41],[5.5628,46.21]]]},"properties":{"CdUH":"515AP","code":"515AP","LbUH":"Unite hydrogeologique 515AP","nom":"Unite hydrogeologique 515AP","NatureUH":"LIBRE","nature":"LIBRE","nb_stations":1,"CdUH_N1":"515","type_source":"APPROX_BBOX"}},{"type":"Feature","geometry":{"type":"Polygon","coordinates":[[[5.587,46.5923],[5.787,46.5923],[5.787,46.7923],[5.587,46.7923],[5.587,46.5923]]]},"properties":{"CdUH":"515AQ","code":"515AQ","LbUH":"Unite hydrogeologique 515AQ","nom":"Unite hydrogeologique 515AQ","NatureUH":"LIBRE","nature":"LIBRE","nb_stations":1,"CdUH_N1":"515","type_source":"APPROX_BBOX"}},{"type":"Feature","geometry":{"type":"Polygon","coordinates":[[[5.4327,47.0542],[6.2525,47.0542],[6.2525,47.4051],[5.4327,47.4051],[5.4327,47.0542]]]},"properties":{"CdUH":"515AS","code":"515AS","LbUH":"Unite hydrogeologique 515AS","nom":"Unite hydrogeologique 515AS","NatureUH":"LIBRE","nature":"LIBRE","nb_stations":4,"CdUH_N1":"515","type_source":"APPROX_BBOX"}},{"type":"Feature","geometry":{"type":"Polygon","coordinates":[[[7.2053,47.3724],[7.4053,47.3724],[7.4053,47.5724],[7.2053,47.5724],[7.2053,47.3724]]]},"properties":{"CdUH":"515AX","code":"515AX","LbUH":"Unite hydrogeologique 515AX","nom":"Unite hydrogeologique 515AX","NatureUH":"LIBRE","nature":"LIBRE","nb_stations":1,"CdUH_N1":"515","type_source":"APPROX_BBOX"}},{"type":"Feature","geometry":{"type":"Polygon","coordinates":[[[5.849,46.1012],[6.049,46.1012],[6.049,46.3012],[5.849,46.3012],[5.849,46.1012]]]},"properties":{"CdUH":"516AA","code":"516AA","LbUH":"Unite hydrogeologique 516AA","nom":"Unite hydrogeologique 516AA","NatureUH":"LIBRE","nature":"LIBRE","nb_stations":1,"CdUH_N1":"516","type_source":"APPROX_BBOX"}},{"type":"Feature","geometry":{"type":"Polygon","coordinates":[[[6.2037,46.2043],[6.5428,46.2043],[6.5428,46.4051],[6.2037,46.4051],[6.2037,46.2043]]]},"properties":{"CdUH":"516AD","code":"516AD","LbUH":"Unite hydrogeologique 516AD","nom":"Unite hydrogeologique 516AD","NatureUH":"LIBRE","nature":"LIBRE","nb_stations":2,"CdUH_N1":"516","type_source":"APPROX_BBOX"}},{"type":"Feature","geometry":{"type":"Polygon","coordinates":[[[5.9577,46.229],[6.1697,46.229],[6.1697,46.4332],[5.9577,46.4332],[5.9577,46.229]]]},"properties":{"CdUH":"516AF","code":"516AF","LbUH":"Unite hydrogeologique 516AF","nom":"Unite hydrogeologique 516AF","NatureUH":"LIBRE","nature":"LIBRE","nb_stations":2,"CdUH_N1":"516","type_source":"APPROX_BBOX"}},{"type":"Feature","geometry":{"type":"Polygon","coordinates":[[[5.9174,46.0414],[6.1843,46.0414],[6.1843,46.2442],[5.9174,46.2442],[5.9174,46.0414]]]},"properties":{"CdUH":"516AG","code":"516AG","LbUH":"Unite hydrogeologique 516AG","nom":"Unite hydrogeologique 516AG","NatureUH":"LIBRE","nature":"LIBRE","nb_stations":2,"CdUH_N1":"516","type_source":"APPROX_BBOX"}},{"type":"Feature","geometry":{"type":"Polygon","coordinates":[[[5.5817,45.7031],[5.7817,45.7031],[5.7817,45.9031],[5.5817,45.9031],[5.5817,45.7031]]]},"properties":{"CdUH":"516AJ","code":"516AJ","LbUH":"Unite hydrogeologique 516AJ","nom":"Unite hydrogeologique 516AJ","NatureUH":"LIBRE","nature":"LIBRE","nb_stations":2,"CdUH_N1":"516","type_source":"APPROX_BBOX"}},{"type":"Feature","geometry":{"type":"Polygon","coordinates":[[[5.5797,45.7324],[6.6209,45.7324],[6.6209,46.4906],[5.5797,46.4906],[5.5797,45.7324]]]},"properties":{"CdUH":"516AK","code":"516AK","LbUH":"Unite hydrogeologique 516AK","nom":"Unite hydrogeologique 516AK","NatureUH":"LIBRE","nature":"LIBRE","nb_stations":13,"CdUH_N1":"516","type_source":"APPROX_BBOX"}},{"type":"Feature","geometry":{"type":"Polygon","coordinates":[[[5.3431,44.9229],[5.5494,44.9229],[5.5494,45.1503],[5.3431,45.1503],[5.3431,44.9229]]]},"properties":{"CdUH":"517AA","code":"517AA","LbUH":"Unite hydrogeologique 517AA","nom":"Unite hydrogeologique 517AA","NatureUH":"LIBRE","nature":"LIBRE","nb_stations":2,"CdUH_N1":"517","type_source":"APPROX_BBOX"}},{"type":"Feature","geometry":{"type":"Polygon","coordinates":[[[4.9954,44.7996],[5.1954,44.7996],[5.1954,44.9996],[4.9954,44.9996],[4.9954,44.7996]]]},"properties":{"CdUH":"517AD","code":"517AD","LbUH":"Unite hydrogeologique 517AD","nom":"Unite hydrogeologique 517AD","NatureUH":"LIBRE","nature":"LIBRE","nb_stations":1,"CdUH_N1":"517","type_source":"APPROX_BBOX"}},{"type":"Feature","geometry":{"type":"Polygon","coordinates":[[[6.5213,46.2353],[6.7213,46.2353],[6.7213,46.4353],[6.5213,46.4353],[6.5213,46.2353]]]},"properties":{"CdUH":"517AF","code":"517AF","LbUH":"Unite hydrogeologique 517AF","nom":"Unite hydrogeologique 517AF","NatureUH":"LIBRE","nature":"LIBRE","nb_stations":1,"CdUH_N1":"517","type_source":"APPROX_BBOX"}},{"type":"Feature","geometry":{"type":"Polygon","coordinates":[[[6.92,47.5109],[7.1333,47.5109],[7.1333,47.7226],[6.92,47.7226],[6.92,47.5109]]]},"properties":{"CdUH":"519AB","code":"519AB","LbUH":"Unite hydrogeologique 519AB","nom":"Unite hydrogeologique 519AB","NatureUH":"LIBRE","nature":"LIBRE","nb_stations":2,"CdUH_N1":"519","type_source":"APPROX_BBOX"}},{"type":"Feature","geometry":{"type":"Polygon","coordinates":[[[4.9996,45.7369],[5.3159,45.7369],[5.3159,45.9927],[4.9996,45.9927],[4.9996,45.7369]]]},"properties":{"CdUH":"521AH","code":"521AH","LbUH":"Unite hydrogeologique 521AH","nom":"Unite hydrogeologique 521AH","NatureUH":"LIBRE","nature":"LIBRE","nb_stations":2,"CdUH_N1":"521","type_source":"APPROX_BBOX"}},{"type":"Feature","geometry":{"type":"Polygon","coordinates":[[[4.9188,45.6166],[5.1711,45.6166],[5.1711,45.8798],[4.9188,45.8798],[4.9188,45.6166]]]},"properties":{"CdUH":"521AI","code":"521AI","LbUH":"Unite hydrogeologique 521AI","nom":"Unite hydrogeologique 521AI","NatureUH":"LIBRE","nature":"LIBRE","nb_stations":6,"CdUH_N1":"521","type_source":"APPROX_BBOX"}},{"type":"Feature","geometry":{"type":"Polygon","coordinates":[[[4.8612,45.6125],[5.0986,45.6125],[5.0986,45.8445],[4.8612,45.8445],[4.8612,45.6125]]]},"properties":{"CdUH":"521AJ","code":"521AJ","LbUH":"Unite hydrogeologique 521AJ","nom":"Unite hydrogeologique 521AJ","NatureUH":"LIBRE","nature":"LIBRE","nb_stations":4,"CdUH_N1":"521","type_source":"APPROX_BBOX"}},{"type":"Feature","geometry":{"type":"Polygon","coordinates":[[[4.8004,45.54],[5.1413,45.54],[5.1413,45.8112],[4.8004,45.8112],[4.8004,45.54]]]},"properties":{"CdUH":"521AK","code":"521AK","LbUH":"Unite hydrogeologique 521AK","nom":"Unite hydrogeologique 521AK","NatureUH":"LIBRE","nature":"LIBRE","nb_stations":9,"CdUH_N1":"521","type_source":"APPROX_BBOX"}},{"type":"Feature","geometry":{"type":"Polygon","coordinates":[[[4.7308,45.1858],[5.4573,45.1858],[5.4573,45.5253],[4.7308,45.5253],[4.7308,45.1858]]]},"properties":{"CdUH":"521AM","code":"521AM","LbUH":"Unite hydrogeologique 521AM","nom":"Unite hydrogeologique 521AM","NatureUH":"LIBRE","nature":"LIBRE","nb_stations":11,"CdUH_N1":"521","type_source":"APPROX_BBOX"}},{"type":"Feature","geometry":{"type":"Polygon","coordinates":[[[4.9042,44.9545],[5.1673,44.9545],[5.1673,45.1597],[4.9042,45.1597],[4.9042,44.9545]]]},"properties":{"CdUH":"521AN","code":"521AN","LbUH":"Unite hydrogeologique 521AN","nom":"Unite hydrogeologique 521AN","NatureUH":"LIBRE","nature":"LIBRE","nb_stations":2,"CdUH_N1":"521","type_source":"APPROX_BBOX"}},{"type":"Feature","geometry":{"type":"Polygon","coordinates":[[[4.8954,45.4555],[5.0954,45.4555],[5.0954,45.6555],[4.8954,45.6555],[4.8954,45.4555]]]},"properties":{"CdUH":"521AO","code":"521AO","LbUH":"Unite hydrogeologique 521AO","nom":"Unite hydrogeologique 521AO","NatureUH":"LIBRE","nature":"LIBRE","nb_stations":1,"CdUH_N1":"521","type_source":"APPROX_BBOX"}},{"type":"Feature","geometry":{"type":"Polygon","coordinates":[[[4.9252,45.395],[5.1252,45.395],[5.1252,45.595],[4.9252,45.595],[4.9252,45.395]]]},"properties":{"CdUH":"521AP","code":"521AP","LbUH":"Unite hydrogeologique 521AP","nom":"Unite hydrogeologique 521AP","NatureUH":"LIBRE","nature":"LIBRE","nb_stations":1,"CdUH_N1":"521","type_source":"APPROX_BBOX"}},{"type":"Feature","geometry":{"type":"Polygon","coordinates":[[[4.8465,44.7704],[5.1929,44.7704],[5.1929,45.1137],[4.8465,45.1137],[4.8465,44.7704]]]},"properties":{"CdUH":"521AR","code":"521AR","LbUH":"Unite hydrogeologique 521AR","nom":"Unite hydrogeologique 521AR","NatureUH":"LIBRE","nature":"LIBRE","nb_stations":6,"CdUH_N1":"521","type_source":"APPROX_BBOX"}},{"type":"Feature","geometry":{"type":"Polygon","coordinates":[[[4.7633,45.366],[4.9633,45.366],[4.9633,45.566],[4.7633,45.566],[4.7633,45.366]]]},"properties":{"CdUH":"521AS","code":"521AS","LbUH":"Unite hydrogeologique 521AS","nom":"Unite hydrogeologique 521AS","NatureUH":"LIBRE","nature":"LIBRE","nb_stations":1,"CdUH_N1":"521","type_source":"APPROX_BBOX"}},{"type":"Feature","geometry":{"type":"Polygon","coordinates":[[[4.8831,45.579],[5.0831,45.579],[5.0831,45.779],[4.8831,45.779],[4.8831,45.579]]]},"properties":{"CdUH":"521AT","code":"521AT","LbUH":"Unite hydrogeologique 521AT","nom":"Unite hydrogeologique 521AT","NatureUH":"LIBRE","nature":"LIBRE","nb_stations":1,"CdUH_N1":"521","type_source":"APPROX_BBOX"}},{"type":"Feature","geometry":{"type":"Polygon","coordinates":[[[4.8277,44.641],[5.329,44.641],[5.329,45.6023],[4.8277,45.6023],[4.8277,44.641]]]},"properties":{"CdUH":"521AU","code":"521AU","LbUH":"Unite hydrogeologique 521AU","nom":"Unite hydrogeologique 521AU","NatureUH":"LIBRE","nature":"LIBRE","nb_stations":18,"CdUH_N1":"521","type_source":"APPROX_BBOX"}},{"type":"Feature","geometry":{"type":"Polygon","coordinates":[[[5.3251,45.1696],[5.6416,45.1696],[5.6416,45.6268],[5.3251,45.6268],[5.3251,45.1696]]]},"properties":{"CdUH":"521AV","code":"521AV","LbUH":"Unite hydrogeologique 521AV","nom":"Unite hydrogeologique 521AV","NatureUH":"LIBRE","nature":"LIBRE","nb_stations":2,"CdUH_N1":"521","type_source":"APPROX_BBOX"}},{"type":"Feature","geometry":{"type":"Polygon","coordinates":[[[4.7405,46.2705],[4.9414,46.2705],[4.9414,46.4705],[4.7405,46.4705],[4.7405,46.2705]]]},"properties":{"CdUH":"523AB","code":"523AB","LbUH":"Unite hydrogeologique 523AB","nom":"Unite hydrogeologique 523AB","NatureUH":"LIBRE","nature":"LIBRE","nb_stations":2,"CdUH_N1":"523","type_source":"APPROX_BBOX"}},{"type":"Feature","geometry":{"type":"Polygon","coordinates":[[[4.5369,46.4136],[4.7369,46.4136],[4.7369,46.6136],[4.5369,46.6136],[4.5369,46.4136]]]},"properties":{"CdUH":"523AC","code":"523AC","LbUH":"Unite hydrogeologique 523AC","nom":"Unite hydrogeologique 523AC","NatureUH":"LIBRE","nature":"LIBRE","nb_stations":1,"CdUH_N1":"523","type_source":"APPROX_BBOX"}},{"type":"Feature","geometry":{"type":"Polygon","coordinates":[[[4.75,47.079],[4.9552,47.079],[4.9552,47.4059],[4.75,47.4059],[4.75,47.079]]]},"properties":{"CdUH":"523AE","code":"523AE","LbUH":"Unite hydrogeologique 523AE","nom":"Unite hydrogeologique 523AE","NatureUH":"LIBRE","nature":"LIBRE","nb_stations":3,"CdUH_N1":"523","type_source":"APPROX_BBOX"}},{"type":"Feature","geometry":{"type":"Polygon","coordinates":[[[5.6727,44.8344],[5.8727,44.8344],[5.8727,45.0344],[5.6727,45.0344],[5.6727,44.8344]]]},"properties":{"CdUH":"525AA","code":"525AA","LbUH":"Unite hydrogeologique 525AA","nom":"Unite hydrogeologique 525AA","NatureUH":"LIBRE","nature":"LIBRE","nb_stations":1,"CdUH_N1":"525","type_source":"APPROX_BBOX"}},{"type":"Feature","geometry":{"type":"Polygon","coordinates":[[[5.8249,45.1733],[6.1154,45.1733],[6.1154,45.533],[5.8249,45.533],[5.8249,45.1733]]]},"properties":{"CdUH":"525AJ","code":"525AJ","LbUH":"Unite hydrogeologique 525AJ","nom":"Unite hydrogeologique 525AJ","NatureUH":"LIBRE","nature":"LIBRE","nb_stations":4,"CdUH_N1":"525","type_source":"APPROX_BBOX"}},{"type":"Feature","geometry":{"type":"Polygon","coordinates":[[[4.4959,43.7882],[5.0579,43.7882],[5.0579,44.8814],[4.4959,44.8814],[4.4959,43.7882]]]},"properties":{"CdUH":"529AA","code":"529AA","LbUH":"Unite hydrogeologique 529AA","nom":"Unite hydrogeologique 529AA","NatureUH":"LIBRE","nature":"LIBRE","nb_stations":6,"CdUH_N1":"529","type_source":"APPROX_BBOX"}},{"type":"Feature","geometry":{"type":"Polygon","coordinates":[[[4.861,44.3704],[5.061,44.3704],[5.061,44.5704],[4.861,44.5704],[4.861,44.3704]]]},"properties":{"CdUH":"531AB","code":"531AB","LbUH":"Unite hydrogeologique 531AB","nom":"Unite hydrogeologique 531AB","NatureUH":"LIBRE","nature":"LIBRE","nb_stations":1,"CdUH_N1":"531","type_source":"APPROX_BBOX"}},{"type":"Feature","geometry":{"type":"Polygon","coordinates":[[[4.9957,44.5563],[5.1957,44.5563],[5.1957,44.7563],[4.9957,44.7563],[4.9957,44.5563]]]},"properties":{"CdUH":"531AD","code":"531AD","LbUH":"Unite hydrogeologique 531AD","nom":"Unite hydrogeologique 531AD","NatureUH":"LIBRE","nature":"LIBRE","nb_stations":1,"CdUH_N1":"531","type_source":"APPROX_BBOX"}},{"type":"Feature","geometry":{"type":"Polygon","coordinates":[[[5.0728,44.1307],[5.5289,44.1307],[5.5289,44.7885],[5.0728,44.7885],[5.0728,44.1307]]]},"properties":{"CdUH":"531AE","code":"531AE","LbUH":"Unite hydrogeologique 531AE","nom":"Unite hydrogeologique 531AE","NatureUH":"LIBRE","nature":"LIBRE","nb_stations":5,"CdUH_N1":"531","type_source":"APPROX_BBOX"}},{"type":"Feature","geometry":{"type":"Polygon","coordinates":[[[4.9134,44.5231],[5.1134,44.5231],[5.1134,44.7231],[4.9134,44.7231],[4.9134,44.5231]]]},"properties":{"CdUH":"531AF","code":"531AF","LbUH":"Unite hydrogeologique 531AF","nom":"Unite hydrogeologique 531AF","NatureUH":"LIBRE","nature":"LIBRE","nb_stations":1,"CdUH_N1":"531","type_source":"APPROX_BBOX"}},{"type":"Feature","geometry":{"type":"Polygon","coordinates":[[[4.1165,44.2148],[4.3165,44.2148],[4.3165,44.4148],[4.1165,44.4148],[4.1165,44.2148]]]},"properties":{"CdUH":"533AF","code":"533AF","LbUH":"Unite hydrogeologique 533AF","nom":"Unite hydrogeologique 533AF","NatureUH":"LIBRE","nature":"LIBRE","nb_stations":1,"CdUH_N1":"533","type_source":"APPROX_BBOX"}},{"type":"Feature","geometry":{"type":"Polygon","coordinates":[[[4.1144,44.3635],[4.6612,44.3635],[4.6612,44.8509],[4.1144,44.8509],[4.1144,44.3635]]]},"properties":{"CdUH":"533AK","code":"533AK","LbUH":"Unite hydrogeologique 533AK","nom":"Unite hydrogeologique 533AK","NatureUH":"LIBRE","nature":"LIBRE","nb_stations":4,"CdUH_N1":"533","type_source":"APPROX_BBOX"}},{"type":"Feature","geometry":{"type":"Polygon","coordinates":[[[3.6363,43.7952],[3.8363,43.7952],[3.8363,43.9952],[3.6363,43.9952],[3.6363,43.7952]]]},"properties":{"CdUH":"533AL","code":"533AL","LbUH":"Unite hydrogeologique 533AL","nom":"Unite hydrogeologique 533AL","NatureUH":"LIBRE","nature":"LIBRE","nb_stations":1,"CdUH_N1":"533","type_source":"APPROX_BBOX"}},{"type":"Feature","geometry":{"type":"Polygon","coordinates":[[[3.9162,44.0282],[4.1689,44.0282],[4.1689,44.3071],[3.9162,44.3071],[3.9162,44.0282]]]},"properties":{"CdUH":"533AP","code":"533AP","LbUH":"Unite hydrogeologique 533AP","nom":"Unite hydrogeologique 533AP","NatureUH":"LIBRE","nature":"LIBRE","nb_stations":10,"CdUH_N1":"533","type_source":"APPROX_BBOX"}},{"type":"Feature","geometry":{"type":"Polygon","coordinates":[[[3.5003,43.8713],[3.7003,43.8713],[3.7003,44.0713],[3.5003,44.0713],[3.5003,43.8713]]]},"properties":{"CdUH":"533AT","code":"533AT","LbUH":"Unite hydrogeologique 533AT","nom":"Unite hydrogeologique 533AT","NatureUH":"LIBRE","nature":"LIBRE","nb_stations":1,"CdUH_N1":"533","type_source":"APPROX_BBOX"}},{"type":"Feature","geometry":{"type":"Polygon","coordinates":[[[4.3198,43.8882],[4.5703,43.8882],[4.5703,44.1124],[4.3198,44.1124],[4.3198,43.8882]]]},"properties":{"CdUH":"534AF","code":"534AF","LbUH":"Unite hydrogeologique 534AF","nom":"Unite hydrogeologique 534AF","NatureUH":"LIBRE","nature":"LIBRE","nb_stations":2,"CdUH_N1":"534","type_source":"APPROX_BBOX"}},{"type":"Feature","geometry":{"type":"Polygon","coordinates":[[[4.1398,43.8888],[4.8096,43.8888],[4.8096,44.2766],[4.1398,44.2766],[4.1398,43.8888]]]},"properties":{"CdUH":"534AH","code":"534AH","LbUH":"Unite hydrogeologique 534AH","nom":"Unite hydrogeologique 534AH","NatureUH":"LIBRE","nature":"LIBRE","nb_stations":4,"CdUH_N1":"534","type_source":"APPROX_BBOX"}},{"type":"Feature","geometry":{"type":"Polygon","coordinates":[[[4.2832,43.8396],[4.4833,43.8396],[4.4833,44.0396],[4.2832,44.0396],[4.2832,43.8396]]]},"properties":{"CdUH":"534AJ","code":"534AJ","LbUH":"Unite hydrogeologique 534AJ","nom":"Unite hydrogeologique 534AJ","NatureUH":"LIBRE","nature":"LIBRE","nb_stations":2,"CdUH_N1":"534","type_source":"APPROX_BBOX"}},{"type":"Feature","geometry":{"type":"Polygon","coordinates":[[[4.3424,43.8539],[4.577,43.8539],[4.577,44.0571],[4.3424,44.0571],[4.3424,43.8539]]]},"properties":{"CdUH":"534AK","code":"534AK","LbUH":"Unite hydrogeologique 534AK","nom":"Unite hydrogeologique 534AK","NatureUH":"LIBRE","nature":"LIBRE","nb_stations":2,"CdUH_N1":"534","type_source":"APPROX_BBOX"}},{"type":"Feature","geometry":{"type":"Polygon","coordinates":[[[4.0989,43.8321],[4.4256,43.8321],[4.4256,44.11],[4.0989,44.11],[4.0989,43.8321]]]},"properties":{"CdUH":"534AN","code":"534AN","LbUH":"Unite hydrogeologique 534AN","nom":"Unite hydrogeologique 534AN","NatureUH":"LIBRE","nature":"LIBRE","nb_stations":9,"CdUH_N1":"534","type_source":"APPROX_BBOX"}},{"type":"Feature","geometry":{"type":"Polygon","coordinates":[[[4.7841,43.8978],[5.2171,43.8978],[5.2171,44.5294],[4.7841,44.5294],[4.7841,43.8978]]]},"properties":{"CdUH":"561AA","code":"561AA","LbUH":"Unite hydrogeologique 561AA","nom":"Unite hydrogeologique 561AA","NatureUH":"LIBRE","nature":"LIBRE","nb_stations":14,"CdUH_N1":"561","type_source":"APPROX_BBOX"}},{"type":"Feature","geometry":{"type":"Polygon","coordinates":[[[5.3282,43.748],[5.7645,43.748],[5.7645,43.9632],[5.3282,43.9632],[5.3282,43.748]]]},"properties":{"CdUH":"561AB","code":"561AB","LbUH":"Unite hydrogeologique 561AB","nom":"Unite hydrogeologique 561AB","NatureUH":"LIBRE","nature":"LIBRE","nb_stations":4,"CdUH_N1":"561","type_source":"APPROX_BBOX"}},{"type":"Feature","geometry":{"type":"Polygon","coordinates":[[[5.884,43.6173],[6.1788,43.6173],[6.1788,43.9379],[5.884,43.9379],[5.884,43.6173]]]},"properties":{"CdUH":"561AC","code":"561AC","LbUH":"Unite hydrogeologique 561AC","nom":"Unite hydrogeologique 561AC","NatureUH":"LIBRE","nature":"LIBRE","nb_stations":2,"CdUH_N1":"561","type_source":"APPROX_BBOX"}},{"type":"Feature","geometry":{"type":"Polygon","coordinates":[[[4.9251,43.4904],[5.1251,43.4904],[5.1251,43.6904],[4.9251,43.6904],[4.9251,43.4904]]]},"properties":{"CdUH":"561AE","code":"561AE","LbUH":"Unite hydrogeologique 561AE","nom":"Unite hydrogeologique 561AE","NatureUH":"LIBRE","nature":"LIBRE","nb_stations":1,"CdUH_N1":"561","type_source":"APPROX_BBOX"}},{"type":"Feature","geometry":{"type":"Polygon","coordinates":[[[4.6031,43.3407],[5.1578,43.3407],[5.1578,43.808],[4.6031,43.808],[4.6031,43.3407]]]},"properties":{"CdUH":"561AF","code":"561AF","LbUH":"Unite hydrogeologique 561AF","nom":"Unite hydrogeologique 561AF","NatureUH":"LIBRE","nature":"LIBRE","nb_stations":29,"CdUH_N1":"561","type_source":"APPROX_BBOX"}},{"type":"Feature","geometry":{"type":"Polygon","coordinates":[[[4.5274,43.33],[5.0141,43.33],[5.0141,43.8098],[4.5274,43.8098],[4.5274,43.33]]]},"properties":{"CdUH":"561AG","code":"561AG","LbUH":"Unite hydrogeologique 561AG","nom":"Unite hydrogeologique 561AG","NatureUH":"LIBRE","nature":"LIBRE","nb_stations":2,"CdUH_N1":"561","type_source":"APPROX_BBOX"}},{"type":"Feature","geometry":{"type":"Polygon","coordinates":[[[5.0797,43.9935],[5.3066,43.9935],[5.3066,44.2234],[5.0797,44.2234],[5.0797,43.9935]]]},"properties":{"CdUH":"561AH","code":"561AH","LbUH":"Unite hydrogeologique 561AH","nom":"Unite hydrogeologique 561AH","NatureUH":"LIBRE","nature":"LIBRE","nb_stations":5,"CdUH_N1":"561","type_source":"APPROX_BBOX"}},{"type":"Feature","geometry":{"type":"Polygon","coordinates":[[[4.6144,43.5907],[4.8591,43.5907],[4.8591,43.7952],[4.6144,43.7952],[4.6144,43.5907]]]},"properties":{"CdUH":"561AI","code":"561AI","LbUH":"Unite hydrogeologique 561AI","nom":"Unite hydrogeologique 561AI","NatureUH":"LIBRE","nature":"LIBRE","nb_stations":2,"CdUH_N1":"561","type_source":"APPROX_BBOX"}},{"type":"Feature","geometry":{"type":"Polygon","coordinates":[[[5.4509,43.3145],[5.9077,43.3145],[5.9077,43.5822],[5.4509,43.5822],[5.4509,43.3145]]]},"properties":{"CdUH":"563AA","code":"563AA","LbUH":"Unite hydrogeologique 563AA","nom":"Unite hydrogeologique 563AA","NatureUH":"LIBRE","nature":"LIBRE","nb_stations":5,"CdUH_N1":"563","type_source":"APPROX_BBOX"}},{"type":"Feature","geometry":{"type":"Polygon","coordinates":[[[7.048,43.5715],[7.3238,43.5715],[7.3238,43.8722],[7.048,43.8722],[7.048,43.5715]]]},"properties":{"CdUH":"563AE","code":"563AE","LbUH":"Unite hydrogeologique 563AE","nom":"Unite hydrogeologique 563AE","NatureUH":"LIBRE","nature":"LIBRE","nb_stations":5,"CdUH_N1":"563","type_source":"APPROX_BBOX"}},{"type":"Feature","geometry":{"type":"Polygon","coordinates":[[[5.0322,44.0355],[5.5937,44.0355],[5.5937,44.286],[5.0322,44.286],[5.0322,44.0355]]]},"properties":{"CdUH":"565AF","code":"565AF","LbUH":"Unite hydrogeologique 565AF","nom":"Unite hydrogeologique 565AF","NatureUH":"LIBRE","nature":"LIBRE","nb_stations":3,"CdUH_N1":"565","type_source":"APPROX_BBOX"}},{"type":"Feature","geometry":{"type":"Polygon","coordinates":[[[5.3965,43.0697],[5.8185,43.0697],[5.8185,43.3745],[5.3965,43.3745],[5.3965,43.0697]]]},"properties":{"CdUH":"565AJ","code":"565AJ","LbUH":"Unite hydrogeologique 565AJ","nom":"Unite hydrogeologique 565AJ","NatureUH":"LIBRE","nature":"LIBRE","nb_stations":3,"CdUH_N1":"565","type_source":"APPROX_BBOX"}},{"type":"Feature","geometry":{"type":"Polygon","coordinates":[[[5.8234,43.2458],[6.0234,43.2458],[6.0234,43.4458],[5.8234,43.4458],[5.8234,43.2458]]]},"properties":{"CdUH":"567AC","code":"567AC","LbUH":"Unite hydrogeologique 567AC","nom":"Unite hydrogeologique 567AC","NatureUH":"LIBRE","nature":"LIBRE","nb_stations":1,"CdUH_N1":"567","type_source":"APPROX_BBOX"}},{"type":"Feature","geometry":{"type":"Polygon","coordinates":[[[5.9929,43.4746],[6.3866,43.4746],[6.3866,43.6969],[5.9929,43.6969],[5.9929,43.4746]]]},"properties":{"CdUH":"567AO","code":"567AO","LbUH":"Unite hydrogeologique 567AO","nom":"Unite hydrogeologique 567AO","NatureUH":"LIBRE","nature":"LIBRE","nb_stations":2,"CdUH_N1":"567","type_source":"APPROX_BBOX"}},{"type":"Feature","geometry":{"type":"Polygon","coordinates":[[[7.0948,43.7729],[7.2948,43.7729],[7.2948,43.9729],[7.0948,43.9729],[7.0948,43.7729]]]},"properties":{"CdUH":"569AA","code":"569AA","LbUH":"Unite hydrogeologique 569AA","nom":"Unite hydrogeologique 569AA","NatureUH":"LIBRE","nature":"LIBRE","nb_stations":1,"CdUH_N1":"569","type_source":"APPROX_BBOX"}},{"type":"Feature","geometry":{"type":"Polygon","coordinates":[[[6.9878,43.5406],[7.2432,43.5406],[7.2432,43.8019],[6.9878,43.8019],[6.9878,43.5406]]]},"properties":{"CdUH":"569AE","code":"569AE","LbUH":"Unite hydrogeologique 569AE","nom":"Unite hydrogeologique 569AE","NatureUH":"LIBRE","nature":"LIBRE","nb_stations":3,"CdUH_N1":"569","type_source":"APPROX_BBOX"}},{"type":"Feature","geometry":{"type":"Polygon","coordinates":[[[7.2798,43.6409],[7.4798,43.6409],[7.4798,43.8409],[7.2798,43.8409],[7.2798,43.6409]]]},"properties":{"CdUH":"569AF","code":"569AF","LbUH":"Unite hydrogeologique 569AF","nom":"Unite hydrogeologique 569AF","NatureUH":"LIBRE","nature":"LIBRE","nb_stations":1,"CdUH_N1":"569","type_source":"APPROX_BBOX"}},{"type":"Feature","geometry":{"type":"Polygon","coordinates":[[[6.0857,43.2312],[6.3641,43.2312],[6.3641,43.4463],[6.0857,43.4463],[6.0857,43.2312]]]},"properties":{"CdUH":"571AC","code":"571AC","LbUH":"Unite hydrogeologique 571AC","nom":"Unite hydrogeologique 571AC","NatureUH":"LIBRE","nature":"LIBRE","nb_stations":2,"CdUH_N1":"571","type_source":"APPROX_BBOX"}},{"type":"Feature","geometry":{"type":"Polygon","coordinates":[[[5.856,43.3846],[6.056,43.3846],[6.056,43.5846],[5.856,43.5846],[5.856,43.3846]]]},"properties":{"CdUH":"571AD","code":"571AD","LbUH":"Unite hydrogeologique 571AD","nom":"Unite hydrogeologique 571AD","NatureUH":"LIBRE","nature":"LIBRE","nb_stations":1,"CdUH_N1":"571","type_source":"APPROX_BBOX"}},{"type":"Feature","geometry":{"type":"Polygon","coordinates":[[[6.3864,43.3938],[6.8706,43.3938],[6.8706,43.6951],[6.3864,43.6951],[6.3864,43.3938]]]},"properties":{"CdUH":"571AE","code":"571AE","LbUH":"Unite hydrogeologique 571AE","nom":"Unite hydrogeologique 571AE","NatureUH":"LIBRE","nature":"LIBRE","nb_stations":3,"CdUH_N1":"571","type_source":"APPROX_BBOX"}},{"type":"Feature","geometry":{"type":"Polygon","coordinates":[[[5.8932,43.2265],[6.3239,43.2265],[6.3239,43.5249],[5.8932,43.5249],[5.8932,43.2265]]]},"properties":{"CdUH":"573AA","code":"573AA","LbUH":"Unite hydrogeologique 573AA","nom":"Unite hydrogeologique 573AA","NatureUH":"LIBRE","nature":"LIBRE","nb_stations":3,"CdUH_N1":"573","type_source":"APPROX_BBOX"}},{"type":"Feature","geometry":{"type":"Polygon","coordinates":[[[6.6652,43.5182],[7.1008,43.5182],[7.1008,43.801],[6.6652,43.801],[6.6652,43.5182]]]},"properties":{"CdUH":"573AB","code":"573AB","LbUH":"Unite hydrogeologique 573AB","nom":"Unite hydrogeologique 573AB","NatureUH":"LIBRE","nature":"LIBRE","nb_stations":2,"CdUH_N1":"573","type_source":"APPROX_BBOX"}},{"type":"Feature","geometry":{"type":"Polygon","coordinates":[[[5.7023,43.0004],[6.2156,43.0004],[6.2156,43.2192],[5.7023,43.2192],[5.7023,43.0004]]]},"properties":{"CdUH":"573AF","code":"573AF","LbUH":"Unite hydrogeologique 573AF","nom":"Unite hydrogeologique 573AF","NatureUH":"LIBRE","nature":"LIBRE","nb_stations":2,"CdUH_N1":"573","type_source":"APPROX_BBOX"}},{"type":"Feature","geometry":{"type":"Polygon","coordinates":[[[6.83,43.4304],[7.03,43.4304],[7.03,43.6304],[6.83,43.6304],[6.83,43.4304]]]},"properties":{"CdUH":"581AE","code":"581AE","LbUH":"Unite hydrogeologique 581AE","nom":"Unite hydrogeologique 581AE","NatureUH":"LIBRE","nature":"LIBRE","nb_stations":1,"CdUH_N1":"581","type_source":"APPROX_BBOX"}},{"type":"Feature","geometry":{"type":"Polygon","coordinates":[[[9.2356,41.8465],[9.4388,41.8465],[9.4388,42.0574],[9.2356,42.0574],[9.2356,41.8465]]]},"properties":{"CdUH":"600AA","code":"600AA","LbUH":"Unite hydrogeologique 600AA","nom":"Unite hydrogeologique 600AA","NatureUH":"LIBRE","nature":"LIBRE","nb_stations":2,"CdUH_N1":"600","type_source":"APPROX_BBOX"}},{"type":"Feature","geometry":{"type":"Polygon","coordinates":[[[9.3804,42.4352],[9.5804,42.4352],[9.5804,42.6352],[9.3804,42.6352],[9.3804,42.4352]]]},"properties":{"CdUH":"600AC","code":"600AC","LbUH":"Unite hydrogeologique 600AC","nom":"Unite hydrogeologique 600AC","NatureUH":"LIBRE","nature":"LIBRE","nb_stations":1,"CdUH_N1":"600","type_source":"APPROX_BBOX"}},{"type":"Feature","geometry":{"type":"Polygon","coordinates":[[[9.083,41.2997],[9.6296,41.2997],[9.6296,42.794],[9.083,42.794],[9.083,41.2997]]]},"properties":{"CdUH":"600AE","code":"600AE","LbUH":"Unite hydrogeologique 600AE","nom":"Unite hydrogeologique 600AE","NatureUH":"LIBRE","nature":"LIBRE","nb_stations":4,"CdUH_N1":"600","type_source":"APPROX_BBOX"}},{"type":"Feature","geometry":{"type":"Polygon","coordinates":[[[8.9088,42.5328],[9.1088,42.5328],[9.1088,42.7328],[8.9088,42.7328],[8.9088,42.5328]]]},"properties":{"CdUH":"602AA","code":"602AA","LbUH":"Unite hydrogeologique 602AA","nom":"Unite hydrogeologique 602AA","NatureUH":"LIBRE","nature":"LIBRE","nb_stations":1,"CdUH_N1":"602","type_source":"APPROX_BBOX"}},{"type":"Feature","geometry":{"type":"Polygon","coordinates":[[[9.2444,42.6847],[9.5492,42.6847],[9.5492,43.0655],[9.2444,43.0655],[9.2444,42.6847]]]},"properties":{"CdUH":"604AB","code":"604AB","LbUH":"Unite hydrogeologique 604AB","nom":"Unite hydrogeologique 604AB","NatureUH":"LIBRE","nature":"LIBRE","nb_stations":14,"CdUH_N1":"604","type_source":"APPROX_BBOX"}},{"type":"Feature","geometry":{"type":"Polygon","coordinates":[[[9.0505,42.0568],[9.3703,42.0568],[9.3703,42.4186],[9.0505,42.4186],[9.0505,42.0568]]]},"properties":{"CdUH":"604AC","code":"604AC","LbUH":"Unite hydrogeologique 604AC","nom":"Unite hydrogeologique 604AC","NatureUH":"LIBRE","nature":"LIBRE","nb_stations":2,"CdUH_N1":"604","type_source":"APPROX_BBOX"}},{"type":"Feature","geometry":{"type":"Polygon","coordinates":[[[3.4508,43.6008],[3.7241,43.6008],[3.7241,43.9056],[3.4508,43.9056],[3.4508,43.6008]]]},"properties":{"CdUH":"631AA","code":"631AA","LbUH":"Unite hydrogeologique 631AA","nom":"Unite hydrogeologique 631AA","NatureUH":"LIBRE","nature":"LIBRE","nb_stations":3,"CdUH_N1":"631","type_source":"APPROX_BBOX"}},{"type":"Feature","geometry":{"type":"Polygon","coordinates":[[[3.4072,43.7789],[3.8284,43.7789],[3.8284,44.0183],[3.4072,44.0183],[3.4072,43.7789]]]},"properties":{"CdUH":"631AB","code":"631AB","LbUH":"Unite hydrogeologique 631AB","nom":"Unite hydrogeologique 631AB","NatureUH":"LIBRE","nature":"LIBRE","nb_stations":5,"CdUH_N1":"631","type_source":"APPROX_BBOX"}},{"type":"Feature","geometry":{"type":"Polygon","coordinates":[[[3.5739,43.5976],[4.0308,43.5976],[4.0308,44.0424],[3.5739,44.0424],[3.5739,43.5976]]]},"properties":{"CdUH":"631AF","code":"631AF","LbUH":"Unite hydrogeologique 631AF","nom":"Unite hydrogeologique 631AF","NatureUH":"LIBRE","nature":"LIBRE","nb_stations":4,"CdUH_N1":"631","type_source":"APPROX_BBOX"}},{"type":"Feature","geometry":{"type":"Polygon","coordinates":[[[3.9049,43.6703],[4.1213,43.6703],[4.1213,43.8705],[3.9049,43.8705],[3.9049,43.6703]]]},"properties":{"CdUH":"631AG","code":"631AG","LbUH":"Unite hydrogeologique 631AG","nom":"Unite hydrogeologique 631AG","NatureUH":"LIBRE","nature":"LIBRE","nb_stations":2,"CdUH_N1":"631","type_source":"APPROX_BBOX"}},{"type":"Feature","geometry":{"type":"Polygon","coordinates":[[[3.6996,43.7252],[3.8996,43.7252],[3.8996,43.9252],[3.6996,43.9252],[3.6996,43.7252]]]},"properties":{"CdUH":"631AH","code":"631AH","LbUH":"Unite hydrogeologique 631AH","nom":"Unite hydrogeologique 631AH","NatureUH":"LIBRE","nature":"LIBRE","nb_stations":1,"CdUH_N1":"631","type_source":"APPROX_BBOX"}},{"type":"Feature","geometry":{"type":"Polygon","coordinates":[[[3.4462,43.517],[3.9464,43.517],[3.9464,43.7921],[3.4462,43.7921],[3.4462,43.517]]]},"properties":{"CdUH":"631AK","code":"631AK","LbUH":"Unite hydrogeologique 631AK","nom":"Unite hydrogeologique 631AK","NatureUH":"LIBRE","nature":"LIBRE","nb_stations":8,"CdUH_N1":"631","type_source":"APPROX_BBOX"}},{"type":"Feature","geometry":{"type":"Polygon","coordinates":[[[3.9169,43.597],[4.2053,43.597],[4.2053,43.9117],[3.9169,43.9117],[3.9169,43.597]]]},"properties":{"CdUH":"643AB","code":"643AB","LbUH":"Unite hydrogeologique 643AB","nom":"Unite hydrogeologique 643AB","NatureUH":"LIBRE","nature":"LIBRE","nb_stations":7,"CdUH_N1":"643","type_source":"APPROX_BBOX"}},{"type":"Feature","geometry":{"type":"Polygon","coordinates":[[[4.2323,43.8866],[4.4323,43.8866],[4.4323,44.0866],[4.2323,44.0866],[4.2323,43.8866]]]},"properties":{"CdUH":"643AC","code":"643AC","LbUH":"Unite hydrogeologique 643AC","nom":"Unite hydrogeologique 643AC","NatureUH":"LIBRE","nature":"LIBRE","nb_stations":1,"CdUH_N1":"643","type_source":"APPROX_BBOX"}},{"type":"Feature","geometry":{"type":"Polygon","coordinates":[[[4.3315,43.9349],[4.5315,43.9349],[4.5315,44.1349],[4.3315,44.1349],[4.3315,43.9349]]]},"properties":{"CdUH":"643AD","code":"643AD","LbUH":"Unite hydrogeologique 643AD","nom":"Unite hydrogeologique 643AD","NatureUH":"LIBRE","nature":"LIBRE","nb_stations":1,"CdUH_N1":"643","type_source":"APPROX_BBOX"}},{"type":"Feature","geometry":{"type":"Polygon","coordinates":[[[4.0136,43.5768],[4.4489,43.5768],[4.4489,43.9489],[4.0136,43.9489],[4.0136,43.5768]]]},"properties":{"CdUH":"643AF","code":"643AF","LbUH":"Unite hydrogeologique 643AF","nom":"Unite hydrogeologique 643AF","NatureUH":"LIBRE","nature":"LIBRE","nb_stations":6,"CdUH_N1":"643","type_source":"APPROX_BBOX"}},{"type":"Feature","geometry":{"type":"Polygon","coordinates":[[[4.4984,43.9972],[4.6984,43.9972],[4.6984,44.1972],[4.4984,44.1972],[4.4984,43.9972]]]},"properties":{"CdUH":"643AG","code":"643AG","LbUH":"Unite hydrogeologique 643AG","nom":"Unite hydrogeologique 643AG","NatureUH":"LIBRE","nature":"LIBRE","nb_stations":1,"CdUH_N1":"643","type_source":"APPROX_BBOX"}},{"type":"Feature","geometry":{"type":"Polygon","coordinates":[[[4.077,43.5623],[4.6258,43.5623],[4.6258,43.9814],[4.077,43.9814],[4.077,43.5623]]]},"properties":{"CdUH":"647AA","code":"647AA","LbUH":"Unite hydrogeologique 647AA","nom":"Unite hydrogeologique 647AA","NatureUH":"LIBRE","nature":"LIBRE","nb_stations":32,"CdUH_N1":"647","type_source":"APPROX_BBOX"}},{"type":"Feature","geometry":{"type":"Polygon","coordinates":[[[3.1242,43.1368],[3.6612,43.1368],[3.6612,43.5272],[3.1242,43.5272],[3.1242,43.1368]]]},"properties":{"CdUH":"647AB","code":"647AB","LbUH":"Unite hydrogeologique 647AB","nom":"Unite hydrogeologique 647AB","NatureUH":"LIBRE","nature":"LIBRE","nb_stations":55,"CdUH_N1":"647","type_source":"APPROX_BBOX"}},{"type":"Feature","geometry":{"type":"Polygon","coordinates":[[[3.854,43.4797],[4.2702,43.4797],[4.2702,43.7586],[3.854,43.7586],[3.854,43.4797]]]},"properties":{"CdUH":"647AC","code":"647AC","LbUH":"Unite hydrogeologique 647AC","nom":"Unite hydrogeologique 647AC","NatureUH":"LIBRE","nature":"LIBRE","nb_stations":7,"CdUH_N1":"647","type_source":"APPROX_BBOX"}},{"type":"Feature","geometry":{"type":"Polygon","coordinates":[[[3.8021,43.5166],[4.0291,43.5166],[4.0291,43.7378],[3.8021,43.7378],[3.8021,43.5166]]]},"properties":{"CdUH":"647AD","code":"647AD","LbUH":"Unite hydrogeologique 647AD","nom":"Unite hydrogeologique 647AD","NatureUH":"LIBRE","nature":"LIBRE","nb_stations":2,"CdUH_N1":"647","type_source":"APPROX_BBOX"}},{"type":"Feature","geometry":{"type":"Polygon","coordinates":[[[3.333,43.3965],[3.6758,43.3965],[3.6758,43.7981],[3.333,43.7981],[3.333,43.3965]]]},"properties":{"CdUH":"647AF","code":"647AF","LbUH":"Unite hydrogeologique 647AF","nom":"Unite hydrogeologique 647AF","NatureUH":"LIBRE","nature":"LIBRE","nb_stations":5,"CdUH_N1":"647","type_source":"APPROX_BBOX"}},{"type":"Feature","geometry":{"type":"Polygon","coordinates":[[[3.2273,43.5956],[3.4273,43.5956],[3.4273,43.7956],[3.2273,43.7956],[3.2273,43.5956]]]},"properties":{"CdUH":"651AA","code":"651AA","LbUH":"Unite hydrogeologique 651AA","nom":"Unite hydrogeologique 651AA","NatureUH":"LIBRE","nature":"LIBRE","nb_stations":1,"CdUH_N1":"651","type_source":"APPROX_BBOX"}},{"type":"Feature","geometry":{"type":"Polygon","coordinates":[[[3.1848,43.52],[3.4956,43.52],[3.4956,43.8072],[3.1848,43.8072],[3.1848,43.52]]]},"properties":{"CdUH":"651AB","code":"651AB","LbUH":"Unite hydrogeologique 651AB","nom":"Unite hydrogeologique 651AB","NatureUH":"LIBRE","nature":"LIBRE","nb_stations":2,"CdUH_N1":"651","type_source":"APPROX_BBOX"}},{"type":"Feature","geometry":{"type":"Polygon","coordinates":[[[3.4345,43.3441],[3.7775,43.3441],[3.7775,43.5856],[3.4345,43.5856],[3.4345,43.3441]]]},"properties":{"CdUH":"657AA","code":"657AA","LbUH":"Unite hydrogeologique 657AA","nom":"Unite hydrogeologique 657AA","NatureUH":"LIBRE","nature":"LIBRE","nb_stations":5,"CdUH_N1":"657","type_source":"APPROX_BBOX"}},{"type":"Feature","geometry":{"type":"Polygon","coordinates":[[[3.2792,43.2947],[3.6859,43.2947],[3.6859,43.7852],[3.2792,43.7852],[3.2792,43.2947]]]},"properties":{"CdUH":"657AB","code":"657AB","LbUH":"Unite hydrogeologique 657AB","nom":"Unite hydrogeologique 657AB","NatureUH":"LIBRE","nature":"LIBRE","nb_stations":8,"CdUH_N1":"657","type_source":"APPROX_BBOX"}},{"type":"Feature","geometry":{"type":"Polygon","coordinates":[[[3.1073,43.3399],[3.3094,43.3399],[3.3094,43.5521],[3.1073,43.5521],[3.1073,43.3399]]]},"properties":{"CdUH":"657AC","code":"657AC","LbUH":"Unite hydrogeologique 657AC","nom":"Unite hydrogeologique 657AC","NatureUH":"LIBRE","nature":"LIBRE","nb_stations":3,"CdUH_N1":"657","type_source":"APPROX_BBOX"}},{"type":"Feature","geometry":{"type":"Polygon","coordinates":[[[3.0015,43.2923],[3.2697,43.2923],[3.2697,43.5217],[3.0015,43.5217],[3.0015,43.2923]]]},"properties":{"CdUH":"657AE","code":"657AE","LbUH":"Unite hydrogeologique 657AE","nom":"Unite hydrogeologique 657AE","NatureUH":"LIBRE","nature":"LIBRE","nb_stations":2,"CdUH_N1":"657","type_source":"APPROX_BBOX"}},{"type":"Feature","geometry":{"type":"Polygon","coordinates":[[[3.11,43.1991],[3.31,43.1991],[3.31,43.3991],[3.11,43.3991],[3.11,43.1991]]]},"properties":{"CdUH":"657AF","code":"657AF","LbUH":"Unite hydrogeologique 657AF","nom":"Unite hydrogeologique 657AF","NatureUH":"LIBRE","nature":"LIBRE","nb_stations":1,"CdUH_N1":"657","type_source":"APPROX_BBOX"}},{"type":"Feature","geometry":{"type":"Polygon","coordinates":[[[2.8776,42.9282],[3.1128,42.9282],[3.1128,43.2605],[2.8776,43.2605],[2.8776,42.9282]]]},"properties":{"CdUH":"657AG","code":"657AG","LbUH":"Unite hydrogeologique 657AG","nom":"Unite hydrogeologique 657AG","NatureUH":"LIBRE","nature":"LIBRE","nb_stations":2,"CdUH_N1":"657","type_source":"APPROX_BBOX"}},{"type":"Feature","geometry":{"type":"Polygon","coordinates":[[[2.5206,42.4672],[3.138,42.4672],[3.138,42.9327],[2.5206,42.9327],[2.5206,42.4672]]]},"properties":{"CdUH":"671AA","code":"671AA","LbUH":"Unite hydrogeologique 671AA","nom":"Unite hydrogeologique 671AA","NatureUH":"LIBRE","nature":"LIBRE","nb_stations":51,"CdUH_N1":"671","type_source":"APPROX_BBOX"}},{"type":"Feature","geometry":{"type":"Polygon","coordinates":[[[2.5818,42.5565],[3.0548,42.5565],[3.0548,42.8792],[2.5818,42.8792],[2.5818,42.5565]]]},"properties":{"CdUH":"671AB","code":"671AB","LbUH":"Unite hydrogeologique 671AB","nom":"Unite hydrogeologique 671AB","NatureUH":"LIBRE","nature":"LIBRE","nb_stations":4,"CdUH_N1":"671","type_source":"APPROX_BBOX"}},{"type":"Feature","geometry":{"type":"Polygon","coordinates":[[[2.3253,42.7291],[2.5253,42.7291],[2.5253,42.9291],[2.3253,42.9291],[2.3253,42.7291]]]},"properties":{"CdUH":"679AB","code":"679AB","LbUH":"Unite hydrogeologique 679AB","nom":"Unite hydrogeologique 679AB","NatureUH":"LIBRE","nature":"LIBRE","nb_stations":1,"CdUH_N1":"679","type_source":"APPROX_BBOX"}},{"type":"Feature","geometry":{"type":"Polygon","coordinates":[[[3.4912,43.3126],[4.1363,43.3126],[4.1363,43.7587],[3.4912,43.7587],[3.4912,43.3126]]]},"properties":{"CdUH":"681AA","code":"681AA","LbUH":"Unite hydrogeologique 681AA","nom":"Unite hydrogeologique 681AA","NatureUH":"LIBRE","nature":"LIBRE","nb_stations":39,"CdUH_N1":"681","type_source":"APPROX_BBOX"}},{"type":"Feature","geometry":{"type":"Polygon","coordinates":[[[2.877,43.3499],[3.4625,43.3499],[3.4625,43.6769],[2.877,43.6769],[2.877,43.3499]]]},"properties":{"CdUH":"681AB","code":"681AB","LbUH":"Unite hydrogeologique 681AB","nom":"Unite hydrogeologique 681AB","NatureUH":"LIBRE","nature":"LIBRE","nb_stations":9,"CdUH_N1":"681","type_source":"APPROX_BBOX"}},{"type":"Feature","geometry":{"type":"Polygon","coordinates":[[[2.5313,43.2541],[3.1513,43.2541],[3.1513,43.5903],[2.5313,43.5903],[2.5313,43.2541]]]},"properties":{"CdUH":"681AC","code":"681AC","LbUH":"Unite hydrogeologique 681AC","nom":"Unite hydrogeologique 681AC","NatureUH":"LIBRE","nature":"LIBRE","nb_stations":8,"CdUH_N1":"681","type_source":"APPROX_BBOX"}},{"type":"Feature","geometry":{"type":"Polygon","coordinates":[[[2.7771,43.2354],[3.0407,43.2354],[3.0407,43.4807],[2.7771,43.4807],[2.7771,43.2354]]]},"properties":{"CdUH":"681AE","code":"681AE","LbUH":"Unite hydrogeologique 681AE","nom":"Unite hydrogeologique 681AE","NatureUH":"LIBRE","nature":"LIBRE","nb_stations":4,"CdUH_N1":"681","type_source":"APPROX_BBOX"}},{"type":"Feature","geometry":{"type":"Polygon","coordinates":[[[2.7136,42.8397],[2.9136,42.8397],[2.9136,43.0397],[2.7136,43.0397],[2.7136,42.8397]]]},"properties":{"CdUH":"681AF","code":"681AF","LbUH":"Unite hydrogeologique 681AF","nom":"Unite hydrogeologique 681AF","NatureUH":"LIBRE","nature":"LIBRE","nb_stations":1,"CdUH_N1":"681","type_source":"APPROX_BBOX"}},{"type":"Feature","geometry":{"type":"Polygon","coordinates":[[[2.5282,42.885],[2.8592,42.885],[2.8592,43.107],[2.5282,43.107],[2.5282,42.885]]]},"properties":{"CdUH":"681AG","code":"681AG","LbUH":"Unite hydrogeologique 681AG","nom":"Unite hydrogeologique 681AG","NatureUH":"LIBRE","nature":"LIBRE","nb_stations":2,"CdUH_N1":"681","type_source":"APPROX_BBOX"}},{"type":"Feature","geometry":{"type":"Polygon","coordinates":[[[3.0334,43.0476],[3.2334,43.0476],[3.2334,43.2476],[3.0334,43.2476],[3.0334,43.0476]]]},"properties":{"CdUH":"681AH","code":"681AH","LbUH":"Unite hydrogeologique 681AH","nom":"Unite hydrogeologique 681AH","NatureUH":"LIBRE","nature":"LIBRE","nb_stations":1,"CdUH_N1":"681","type_source":"APPROX_BBOX"}},{"type":"Feature","geometry":{"type":"Polygon","coordinates":[[[2.1477,42.7783],[2.6041,42.7783],[2.6041,43.0188],[2.1477,43.0188],[2.1477,42.7783]]]},"properties":{"CdUH":"681AK","code":"681AK","LbUH":"Unite hydrogeologique 681AK","nom":"Unite hydrogeologique 681AK","NatureUH":"LIBRE","nature":"LIBRE","nb_stations":3,"CdUH_N1":"681","type_source":"APPROX_BBOX"}},{"type":"Feature","geometry":{"type":"Polygon","coordinates":[[[2.6814,43.0682],[2.8814,43.0682],[2.8814,43.2682],[2.6814,43.2682],[2.6814,43.0682]]]},"properties":{"CdUH":"681AL","code":"681AL","LbUH":"Unite hydrogeologique 681AL","nom":"Unite hydrogeologique 681AL","NatureUH":"LIBRE","nature":"LIBRE","nb_stations":1,"CdUH_N1":"681","type_source":"APPROX_BBOX"}},{"type":"Feature","geometry":{"type":"Polygon","coordinates":[[[2.6176,42.665],[3.0583,42.665],[3.0583,42.959],[2.6176,42.959],[2.6176,42.665]]]},"properties":{"CdUH":"681AM","code":"681AM","LbUH":"Unite hydrogeologique 681AM","nom":"Unite hydrogeologique 681AM","NatureUH":"LIBRE","nature":"LIBRE","nb_stations":9,"CdUH_N1":"681","type_source":"APPROX_BBOX"}},{"type":"Feature","geometry":{"type":"Polygon","coordinates":[[[2.4052,42.7102],[2.6939,42.7102],[2.6939,42.9116],[2.4052,42.9116],[2.4052,42.7102]]]},"properties":{"CdUH":"681AN","code":"681AN","LbUH":"Unite hydrogeologique 681AN","nom":"Unite hydrogeologique 681AN","NatureUH":"LIBRE","nature":"LIBRE","nb_stations":2,"CdUH_N1":"681","type_source":"APPROX_BBOX"}},{"type":"Feature","geometry":{"type":"Polygon","coordinates":[[[2.822,42.9545],[3.022,42.9545],[3.022,43.1545],[2.822,43.1545],[2.822,42.9545]]]},"properties":{"CdUH":"681AO","code":"681AO","LbUH":"Unite hydrogeologique 681AO","nom":"Unite hydrogeologique 681AO","NatureUH":"LIBRE","nature":"LIBRE","nb_stations":1,"CdUH_N1":"681","type_source":"APPROX_BBOX"}},{"type":"Feature","geometry":{"type":"Polygon","coordinates":[[[2.4688,42.9909],[2.787,42.9909],[2.787,43.2704],[2.4688,43.2704],[2.4688,42.9909]]]},"properties":{"CdUH":"681AQ","code":"681AQ","LbUH":"Unite hydrogeologique 681AQ","nom":"Unite hydrogeologique 681AQ","NatureUH":"LIBRE","nature":"LIBRE","nb_stations":4,"CdUH_N1":"681","type_source":"APPROX_BBOX"}},{"type":"Feature","geometry":{"type":"Polygon","coordinates":[[[3.5418,43.9811],[3.7418,43.9811],[3.7418,44.1811],[3.5418,44.1811],[3.5418,43.9811]]]},"properties":{"CdUH":"691AA","code":"691AA","LbUH":"Unite hydrogeologique 691AA","nom":"Unite hydrogeologique 691AA","NatureUH":"LIBRE","nature":"LIBRE","nb_stations":1,"CdUH_N1":"691","type_source":"APPROX_BBOX"}},{"type":"Feature","geometry":{"type":"Polygon","coordinates":[[[3.725,43.8936],[3.925,43.8936],[3.925,44.0936],[3.725,44.0936],[3.725,43.8936]]]},"properties":{"CdUH":"691AC","code":"691AC","LbUH":"Unite hydrogeologique 691AC","nom":"Unite hydrogeologique 691AC","NatureUH":"LIBRE","nature":"LIBRE","nb_stations":1,"CdUH_N1":"691","type_source":"APPROX_BBOX"}},{"type":"Feature","geometry":{"type":"Polygon","coordinates":[[[3.0195,43.489],[3.4561,43.489],[3.4561,43.7327],[3.0195,43.7327],[3.0195,43.489]]]},"properties":{"CdUH":"691AD","code":"691AD","LbUH":"Unite hydrogeologique 691AD","nom":"Unite hydrogeologique 691AD","NatureUH":"LIBRE","nature":"LIBRE","nb_stations":7,"CdUH_N1":"691","type_source":"APPROX_BBOX"}},{"type":"Feature","geometry":{"type":"Polygon","coordinates":[[[3.7094,44.1179],[3.9094,44.1179],[3.9094,44.3179],[3.7094,44.3179],[3.7094,44.1179]]]},"properties":{"CdUH":"691AE","code":"691AE","LbUH":"Unite hydrogeologique 691AE","nom":"Unite hydrogeologique 691AE","NatureUH":"LIBRE","nature":"LIBRE","nb_stations":1,"CdUH_N1":"691","type_source":"APPROX_BBOX"}},{"type":"Feature","geometry":{"type":"Polygon","coordinates":[[[2.9066,43.572],[3.1992,43.572],[3.1992,43.8572],[2.9066,43.8572],[2.9066,43.572]]]},"properties":{"CdUH":"693AE","code":"693AE","LbUH":"Unite hydrogeologique 693AE","nom":"Unite hydrogeologique 693AE","NatureUH":"LIBRE","nature":"LIBRE","nb_stations":2,"CdUH_N1":"693","type_source":"APPROX_BBOX"}},{"type":"Feature","geometry":{"type":"Polygon","coordinates":[[[2.9807,42.4256],[3.1807,42.4256],[3.1807,42.6256],[2.9807,42.6256],[2.9807,42.4256]]]},"properties":{"CdUH":"699AA","code":"699AA","LbUH":"Unite hydrogeologique 699AA","nom":"Unite hydrogeologique 699AA","NatureUH":"LIBRE","nature":"LIBRE","nb_stations":1,"CdUH_N1":"699","type_source":"APPROX_BBOX"}},{"type":"Feature","geometry":{"type":"Polygon","coordinates":[[[2.4444,42.3105],[2.6444,42.3105],[2.6444,42.5105],[2.4444,42.5105],[2.4444,42.3105]]]},"properties":{"CdUH":"699AB","code":"699AB","LbUH":"Unite hydrogeologique 699AB","nom":"Unite hydrogeologique 699AB","NatureUH":"LIBRE","nature":"LIBRE","nb_stations":1,"CdUH_N1":"699","type_source":"APPROX_BBOX"}},{"type":"Feature","geometry":{"type":"Polygon","coordinates":[[[2.5831,42.4828],[2.7831,42.4828],[2.7831,42.6828],[2.5831,42.6828],[2.5831,42.4828]]]},"properties":{"CdUH":"699AC","code":"699AC","LbUH":"Unite hydrogeologique 699AC","nom":"Unite hydrogeologique 699AC","NatureUH":"LIBRE","nature":"LIBRE","nb_stations":1,"CdUH_N1":"699","type_source":"APPROX_BBOX"}},{"type":"Feature","geometry":{"type":"Polygon","coordinates":[[[2.0183,42.3946],[2.396,42.3946],[2.396,42.6452],[2.0183,42.6452],[2.0183,42.3946]]]},"properties":{"CdUH":"699AD","code":"699AD","LbUH":"Unite hydrogeologique 699AD","nom":"Unite hydrogeologique 699AD","NatureUH":"LIBRE","nature":"LIBRE","nb_stations":3,"CdUH_N1":"699","type_source":"APPROX_BBOX"}},{"type":"Feature","geometry":{"type":"Polygon","coordinates":[[[1.9335,42.2872],[2.1351,42.2872],[2.1351,42.5894],[1.9335,42.5894],[1.9335,42.2872]]]},"properties":{"CdUH":"699AE","code":"699AE","LbUH":"Unite hydrogeologique 699AE","nom":"Unite hydrogeologique 699AE","NatureUH":"LIBRE","nature":"LIBRE","nb_stations":2,"CdUH_N1":"699","type_source":"APPROX_BBOX"}},{"type":"Feature","geometry":{"type":"Polygon","coordinates":[[[2.0187,42.4868],[2.2187,42.4868],[2.2187,42.6868],[2.0187,42.6868],[2.0187,42.4868]]]},"properties":{"CdUH":"699AG","code":"699AG","LbUH":"Unite hydrogeologique 699AG","nom":"Unite hydrogeologique 699AG","NatureUH":"LIBRE","nature":"LIBRE","nb_stations":2,"CdUH_N1":"699","type_source":"APPROX_BBOX"}},{"type":"Feature","geometry":{"type":"Polygon","coordinates":[[[2.3259,42.6172],[2.5329,42.6172],[2.5329,42.8314],[2.3259,42.8314],[2.3259,42.6172]]]},"properties":{"CdUH":"699AH","code":"699AH","LbUH":"Unite hydrogeologique 699AH","nom":"Unite hydrogeologique 699AH","NatureUH":"LIBRE","nature":"LIBRE","nb_stations":2,"CdUH_N1":"699","type_source":"APPROX_BBOX"}},{"type":"Feature","geometry":{"type":"Polygon","coordinates":[[[2.2997,42.5084],[2.4997,42.5084],[2.4997,42.7084],[2.2997,42.7084],[2.2997,42.5084]]]},"properties":{"CdUH":"699AM","code":"699AM","LbUH":"Unite hydrogeologique 699AM","nom":"Unite hydrogeologique 699AM","NatureUH":"LIBRE","nature":"LIBRE","nb_stations":1,"CdUH_N1":"699","type_source":"APPROX_BBOX"}},{"type":"Feature","geometry":{"type":"Polygon","coordinates":[[[5.4917,47.1559],[5.6917,47.1559],[5.6917,47.3559],[5.4917,47.3559],[5.4917,47.1559]]]},"properties":{"CdUH":"710AB","code":"710AB","LbUH":"Unite hydrogeologique 710AB","nom":"Unite hydrogeologique 710AB","NatureUH":"LIBRE","nature":"LIBRE","nb_stations":1,"CdUH_N1":"710","type_source":"APPROX_BBOX"}},{"type":"Feature","geometry":{"type":"Polygon","coordinates":[[[5.0882,47.1873],[5.3308,47.1873],[5.3308,47.4981],[5.0882,47.4981],[5.0882,47.1873]]]},"properties":{"CdUH":"710AE","code":"710AE","LbUH":"Unite hydrogeologique 710AE","nom":"Unite hydrogeologique 710AE","NatureUH":"LIBRE","nature":"LIBRE","nb_stations":4,"CdUH_N1":"710","type_source":"APPROX_BBOX"}},{"type":"Feature","geometry":{"type":"Polygon","coordinates":[[[5.0638,47.0266],[5.304,47.0266],[5.304,47.3076],[5.0638,47.3076],[5.0638,47.0266]]]},"properties":{"CdUH":"710AR","code":"710AR","LbUH":"Unite hydrogeologique 710AR","nom":"Unite hydrogeologique 710AR","NatureUH":"LIBRE","nature":"LIBRE","nb_stations":2,"CdUH_N1":"710","type_source":"APPROX_BBOX"}},{"type":"Feature","geometry":{"type":"Polygon","coordinates":[[[6.2181,47.694],[6.4181,47.694],[6.4181,47.894],[6.2181,47.894],[6.2181,47.694]]]},"properties":{"CdUH":"710BO","code":"710BO","LbUH":"Unite hydrogeologique 710BO","nom":"Unite hydrogeologique 710BO","NatureUH":"CAPTIF","nature":"CAPTIF","nb_stations":1,"CdUH_N1":"710","type_source":"APPROX_BBOX"}},{"type":"Feature","geometry":{"type":"Polygon","coordinates":[[[5.6565,46.9185],[5.8565,46.9185],[5.8565,47.1185],[5.6565,47.1185],[5.6565,46.9185]]]},"properties":{"CdUH":"710BR","code":"710BR","LbUH":"Unite hydrogeologique 710BR","nom":"Unite hydrogeologique 710BR","NatureUH":"CAPTIF","nature":"CAPTIF","nb_stations":1,"CdUH_N1":"710","type_source":"APPROX_BBOX"}},{"type":"Feature","geometry":{"type":"Polygon","coordinates":[[[5.7162,45.796],[7.0507,45.796],[7.0507,47.7759],[5.7162,47.7759],[5.7162,45.796]]]},"properties":{"CdUH":"710CA","code":"710CA","LbUH":"Unite hydrogeologique 710CA","nom":"Unite hydrogeologique 710CA","NatureUH":"MULTICOUCHE","nature":"MULTICOUCHE","nb_stations":7,"CdUH_N1":"710","type_source":"APPROX_BBOX"}},{"type":"Feature","geometry":{"type":"Polygon","coordinates":[[[5.327,46.9267],[5.527,46.9267],[5.527,47.1267],[5.327,47.1267],[5.327,46.9267]]]},"properties":{"CdUH":"710CD","code":"710CD","LbUH":"Unite hydrogeologique 710CD","nom":"Unite hydrogeologique 710CD","NatureUH":"MULTICOUCHE","nature":"MULTICOUCHE","nb_stations":1,"CdUH_N1":"710","type_source":"APPROX_BBOX"}},{"type":"Feature","geometry":{"type":"Polygon","coordinates":[[[4.8588,47.0032],[5.0588,47.0032],[5.0588,47.2032],[4.8588,47.2032],[4.8588,47.0032]]]},"properties":{"CdUH":"710DA","code":"710DA","LbUH":"Unite hydrogeologique 710DA","nom":"Unite hydrogeologique 710DA","NatureUH":"INDIFFERENCIE","nature":"INDIFFERENCIE","nb_stations":1,"CdUH_N1":"710","type_source":"APPROX_BBOX"}},{"type":"Feature","geometry":{"type":"Polygon","coordinates":[[[4.8273,46.1532],[5.0273,46.1532],[5.0273,46.3532],[4.8273,46.3532],[4.8273,46.1532]]]},"properties":{"CdUH":"710FD","code":"710FD","LbUH":"Unite hydrogeologique 710FD","nom":"Unite hydrogeologique 710FD","NatureUH":"INDIFFERENCIE","nature":"INDIFFERENCIE","nb_stations":1,"CdUH_N1":"710","type_source":"APPROX_BBOX"}},{"type":"Feature","geometry":{"type":"Polygon","coordinates":[[[5.3283,47.2233],[5.5283,47.2233],[5.5283,47.4233],[5.3283,47.4233],[5.3283,47.2233]]]},"properties":{"CdUH":"710IA","code":"710IA","LbUH":"Unite hydrogeologique 710IA","nom":"Unite hydrogeologique 710IA","NatureUH":"INDIFFERENCIE","nature":"INDIFFERENCIE","nb_stations":1,"CdUH_N1":"710","type_source":"APPROX_BBOX"}},{"type":"Feature","geometry":{"type":"Polygon","coordinates":[[[4.7557,46.1926],[4.9557,46.1926],[4.9557,46.3926],[4.7557,46.3926],[4.7557,46.1926]]]},"properties":{"CdUH":"710IG","code":"710IG","LbUH":"Unite hydrogeologique 710IG","nom":"Unite hydrogeologique 710IG","NatureUH":"INDIFFERENCIE","nature":"INDIFFERENCIE","nb_stations":1,"CdUH_N1":"710","type_source":"APPROX_BBOX"}},{"type":"Feature","geometry":{"type":"Polygon","coordinates":[[[4.6594,45.2646],[4.9684,45.2646],[4.9684,45.7506],[4.6594,45.7506],[4.6594,45.2646]]]},"properties":{"CdUH":"712AA","code":"712AA","LbUH":"Unite hydrogeologique 712AA","nom":"Unite hydrogeologique 712AA","NatureUH":"LIBRE","nature":"LIBRE","nb_stations":5,"CdUH_N1":"712","type_source":"APPROX_BBOX"}},{"type":"Feature","geometry":{"type":"Polygon","coordinates":[[[5.1754,45.4708],[5.4131,45.4708],[5.4131,45.7292],[5.1754,45.7292],[5.1754,45.4708]]]},"properties":{"CdUH":"712AB","code":"712AB","LbUH":"Unite hydrogeologique 712AB","nom":"Unite hydrogeologique 712AB","NatureUH":"LIBRE","nature":"LIBRE","nb_stations":2,"CdUH_N1":"712","type_source":"APPROX_BBOX"}},{"type":"Feature","geometry":{"type":"Polygon","coordinates":[[[4.5591,44.1093],[4.8237,44.1093],[4.8237,44.4508],[4.5591,44.4508],[4.5591,44.1093]]]},"properties":{"CdUH":"712AD","code":"712AD","LbUH":"Unite hydrogeologique 712AD","nom":"Unite hydrogeologique 712AD","NatureUH":"LIBRE","nature":"LIBRE","nb_stations":3,"CdUH_N1":"712","type_source":"APPROX_BBOX"}},{"type":"Feature","geometry":{"type":"Polygon","coordinates":[[[4.6392,44.4205],[4.9007,44.4205],[4.9007,44.7911],[4.6392,44.7911],[4.6392,44.4205]]]},"properties":{"CdUH":"712AE","code":"712AE","LbUH":"Unite hydrogeologique 712AE","nom":"Unite hydrogeologique 712AE","NatureUH":"LIBRE","nature":"LIBRE","nb_stations":2,"CdUH_N1":"712","type_source":"APPROX_BBOX"}},{"type":"Feature","geometry":{"type":"Polygon","coordinates":[[[4.7514,45.6735],[5.1392,45.6735],[5.1392,45.9075],[4.7514,45.9075],[4.7514,45.6735]]]},"properties":{"CdUH":"712AG","code":"712AG","LbUH":"Unite hydrogeologique 712AG","nom":"Unite hydrogeologique 712AG","NatureUH":"LIBRE","nature":"LIBRE","nb_stations":9,"CdUH_N1":"712","type_source":"APPROX_BBOX"}},{"type":"Feature","geometry":{"type":"Polygon","coordinates":[[[5.2724,45.5413],[5.9233,45.5413],[5.9233,46.0196],[5.2724,46.0196],[5.2724,45.5413]]]},"properties":{"CdUH":"712AH","code":"712AH","LbUH":"Unite hydrogeologique 712AH","nom":"Unite hydrogeologique 712AH","NatureUH":"LIBRE","nature":"LIBRE","nb_stations":35,"CdUH_N1":"712","type_source":"APPROX_BBOX"}},{"type":"Feature","geometry":{"type":"Polygon","coordinates":[[[4.5071,43.7483],[4.7071,43.7483],[4.7071,43.9483],[4.5071,43.9483],[4.5071,43.7483]]]},"properties":{"CdUH":"712AJ","code":"712AJ","LbUH":"Unite hydrogeologique 712AJ","nom":"Unite hydrogeologique 712AJ","NatureUH":"LIBRE","nature":"LIBRE","nb_stations":1,"CdUH_N1":"712","type_source":"APPROX_BBOX"}},{"type":"Feature","geometry":{"type":"Polygon","coordinates":[[[4.6014,43.8686],[4.9308,43.8686],[4.9308,44.2271],[4.6014,44.2271],[4.6014,43.8686]]]},"properties":{"CdUH":"712AK","code":"712AK","LbUH":"Unite hydrogeologique 712AK","nom":"Unite hydrogeologique 712AK","NatureUH":"LIBRE","nature":"LIBRE","nb_stations":3,"CdUH_N1":"712","type_source":"APPROX_BBOX"}},{"type":"Feature","geometry":{"type":"Polygon","coordinates":[[[5.5969,45.2758],[5.8682,45.2758],[5.8682,45.5426],[5.5969,45.5426],[5.5969,45.2758]]]},"properties":{"CdUH":"712BD","code":"712BD","LbUH":"Unite hydrogeologique 712BD","nom":"Unite hydrogeologique 712BD","NatureUH":"CAPTIF","nature":"CAPTIF","nb_stations":2,"CdUH_N1":"712","type_source":"APPROX_BBOX"}},{"type":"Feature","geometry":{"type":"Polygon","coordinates":[[[4.6882,44.4473],[5.01,44.4473],[5.01,44.6915],[4.6882,44.6915],[4.6882,44.4473]]]},"properties":{"CdUH":"712BE","code":"712BE","LbUH":"Unite hydrogeologique 712BE","nom":"Unite hydrogeologique 712BE","NatureUH":"CAPTIF","nature":"CAPTIF","nb_stations":3,"CdUH_N1":"712","type_source":"APPROX_BBOX"}},{"type":"Feature","geometry":{"type":"Polygon","coordinates":[[[3.9235,43.7702],[4.6887,43.7702],[4.6887,44.1353],[3.9235,44.1353],[3.9235,43.7702]]]},"properties":{"CdUH":"712BF","code":"712BF","LbUH":"Unite hydrogeologique 712BF","nom":"Unite hydrogeologique 712BF","NatureUH":"CAPTIF","nature":"CAPTIF","nb_stations":10,"CdUH_N1":"712","type_source":"APPROX_BBOX"}},{"type":"Feature","geometry":{"type":"Polygon","coordinates":[[[4.1961,44.139],[4.3961,44.139],[4.3961,44.339],[4.1961,44.339],[4.1961,44.139]]]},"properties":{"CdUH":"712BJ","code":"712BJ","LbUH":"Unite hydrogeologique 712BJ","nom":"Unite hydrogeologique 712BJ","NatureUH":"CAPTIF","nature":"CAPTIF","nb_stations":1,"CdUH_N1":"712","type_source":"APPROX_BBOX"}},{"type":"Feature","geometry":{"type":"Polygon","coordinates":[[[6.0894,45.7899],[6.8985,45.7899],[6.8985,46.2725],[6.0894,46.2725],[6.0894,45.7899]]]},"properties":{"CdUH":"712BK","code":"712BK","LbUH":"Unite hydrogeologique 712BK","nom":"Unite hydrogeologique 712BK","NatureUH":"CAPTIF","nature":"CAPTIF","nb_stations":12,"CdUH_N1":"712","type_source":"APPROX_BBOX"}},{"type":"Feature","geometry":{"type":"Polygon","coordinates":[[[4.8217,44.6312],[5.0217,44.6312],[5.0217,44.8312],[4.8217,44.8312],[4.8217,44.6312]]]},"properties":{"CdUH":"712BM","code":"712BM","LbUH":"Unite hydrogeologique 712BM","nom":"Unite hydrogeologique 712BM","NatureUH":"CAPTIF","nature":"CAPTIF","nb_stations":1,"CdUH_N1":"712","type_source":"APPROX_BBOX"}},{"type":"Feature","geometry":{"type":"Polygon","coordinates":[[[6.5712,46.1016],[6.7712,46.1016],[6.7712,46.3016],[6.5712,46.3016],[6.5712,46.1016]]]},"properties":{"CdUH":"712EA","code":"712EA","LbUH":"Unite hydrogeologique 712EA","nom":"Unite hydrogeologique 712EA","NatureUH":"INDIFFERENCIE","nature":"INDIFFERENCIE","nb_stations":1,"CdUH_N1":"712","type_source":"APPROX_BBOX"}},{"type":"Feature","geometry":{"type":"Polygon","coordinates":[[[5.1762,45.7374],[5.4566,45.7374],[5.4566,46.1281],[5.1762,46.1281],[5.1762,45.7374]]]},"properties":{"CdUH":"712GB","code":"712GB","LbUH":"Unite hydrogeologique 712GB","nom":"Unite hydrogeologique 712GB","NatureUH":"INDIFFERENCIE","nature":"INDIFFERENCIE","nb_stations":3,"CdUH_N1":"712","type_source":"APPROX_BBOX"}},{"type":"Feature","geometry":{"type":"Polygon","coordinates":[[[5.8162,45.4691],[6.0162,45.4691],[6.0162,45.6691],[5.8162,45.6691],[5.8162,45.4691]]]},"properties":{"CdUH":"712HC","code":"712HC","LbUH":"Unite hydrogeologique 712HC","nom":"Unite hydrogeologique 712HC","NatureUH":"INDIFFERENCIE","nature":"INDIFFERENCIE","nb_stations":1,"CdUH_N1":"712","type_source":"APPROX_BBOX"}},{"type":"Feature","geometry":{"type":"Polygon","coordinates":[[[4.6353,44.0029],[5.2168,44.0029],[5.2168,44.5213],[4.6353,44.5213],[4.6353,44.0029]]]},"properties":{"CdUH":"712IA","code":"712IA","LbUH":"Unite hydrogeologique 712IA","nom":"Unite hydrogeologique 712IA","NatureUH":"INDIFFERENCIE","nature":"INDIFFERENCIE","nb_stations":12,"CdUH_N1":"712","type_source":"APPROX_BBOX"}},{"type":"Feature","geometry":{"type":"Polygon","coordinates":[[[4.7637,43.8276],[5.2908,43.8276],[5.2908,44.3363],[4.7637,44.3363],[4.7637,43.8276]]]},"properties":{"CdUH":"712ID","code":"712ID","LbUH":"Unite hydrogeologique 712ID","nom":"Unite hydrogeologique 712ID","NatureUH":"INDIFFERENCIE","nature":"INDIFFERENCIE","nb_stations":9,"CdUH_N1":"712","type_source":"APPROX_BBOX"}},{"type":"Feature","geometry":{"type":"Polygon","coordinates":[[[4.7669,43.8893],[4.9669,43.8893],[4.9669,44.0893],[4.7669,44.0893],[4.7669,43.8893]]]},"properties":{"CdUH":"712JB","code":"712JB","LbUH":"Unite hydrogeologique 712JB","nom":"Unite hydrogeologique 712JB","NatureUH":"INDIFFERENCIE","nature":"INDIFFERENCIE","nb_stations":1,"CdUH_N1":"712","type_source":"APPROX_BBOX"}},{"type":"Feature","geometry":{"type":"Polygon","coordinates":[[[4.5276,43.6094],[4.7276,43.6094],[4.7276,43.8094],[4.5276,43.8094],[4.5276,43.6094]]]},"properties":{"CdUH":"712LA","code":"712LA","LbUH":"Unite hydrogeologique 712LA","nom":"Unite hydrogeologique 712LA","NatureUH":"INDIFFERENCIE","nature":"INDIFFERENCIE","nb_stations":1,"CdUH_N1":"712","type_source":"APPROX_BBOX"}},{"type":"Feature","geometry":{"type":"Polygon","coordinates":[[[5.9129,45.3409],[6.7175,45.3409],[6.7175,45.957],[5.9129,45.957],[5.9129,45.3409]]]},"properties":{"CdUH":"714AB","code":"714AB","LbUH":"Unite hydrogeologique 714AB","nom":"Unite hydrogeologique 714AB","NatureUH":"LIBRE","nature":"LIBRE","nb_stations":13,"CdUH_N1":"714","type_source":"APPROX_BBOX"}},{"type":"Feature","geometry":{"type":"Polygon","coordinates":[[[6.1586,45.4611],[6.3586,45.4611],[6.3586,45.6611],[6.1586,45.6611],[6.1586,45.4611]]]},"properties":{"CdUH":"714AF","code":"714AF","LbUH":"Unite hydrogeologique 714AF","nom":"Unite hydrogeologique 714AF","NatureUH":"LIBRE","nature":"LIBRE","nb_stations":1,"CdUH_N1":"714","type_source":"APPROX_BBOX"}},{"type":"Feature","geometry":{"type":"Polygon","coordinates":[[[5.8061,45.203],[6.1198,45.203],[6.1198,45.5345],[5.8061,45.5345],[5.8061,45.203]]]},"properties":{"CdUH":"714BE","code":"714BE","LbUH":"Unite hydrogeologique 714BE","nom":"Unite hydrogeologique 714BE","NatureUH":"CAPTIF","nature":"CAPTIF","nb_stations":13,"CdUH_N1":"714","type_source":"APPROX_BBOX"}},{"type":"Feature","geometry":{"type":"Polygon","coordinates":[[[5.6007,44.5684],[6.3608,44.5684],[6.3608,45.2162],[5.6007,45.2162],[5.6007,44.5684]]]},"properties":{"CdUH":"714DA","code":"714DA","LbUH":"Unite hydrogeologique 714DA","nom":"Unite hydrogeologique 714DA","NatureUH":"INDIFFERENCIE","nature":"INDIFFERENCIE","nb_stations":5,"CdUH_N1":"714","type_source":"APPROX_BBOX"}},{"type":"Feature","geometry":{"type":"Polygon","coordinates":[[[6.4588,44.6387],[6.6827,44.6387],[6.6827,44.8763],[6.4588,44.8763],[6.4588,44.6387]]]},"properties":{"CdUH":"716AB","code":"716AB","LbUH":"Unite hydrogeologique 716AB","nom":"Unite hydrogeologique 716AB","NatureUH":"LIBRE","nature":"LIBRE","nb_stations":2,"CdUH_N1":"716","type_source":"APPROX_BBOX"}},{"type":"Feature","geometry":{"type":"Polygon","coordinates":[[[5.5797,43.5972],[6.2676,43.5972],[6.2676,44.5939],[5.5797,44.5939],[5.5797,43.5972]]]},"properties":{"CdUH":"716CA","code":"716CA","LbUH":"Unite hydrogeologique 716CA","nom":"Unite hydrogeologique 716CA","NatureUH":"MULTICOUCHE","nature":"MULTICOUCHE","nb_stations":18,"CdUH_N1":"716","type_source":"APPROX_BBOX"}},{"type":"Feature","geometry":{"type":"Polygon","coordinates":[[[4.6003,43.5597],[5.6276,43.5597],[5.6276,44.0088],[4.6003,44.0088],[4.6003,43.5597]]]},"properties":{"CdUH":"716DA","code":"716DA","LbUH":"Unite hydrogeologique 716DA","nom":"Unite hydrogeologique 716DA","NatureUH":"INDIFFERENCIE","nature":"INDIFFERENCIE","nb_stations":14,"CdUH_N1":"716","type_source":"APPROX_BBOX"}},{"type":"Feature","geometry":{"type":"Polygon","coordinates":[[[2.2065,43.0239],[3.169,43.0239],[3.169,43.344],[2.2065,43.344],[2.2065,43.0239]]]},"properties":{"CdUH":"718BG","code":"718BG","LbUH":"Unite hydrogeologique 718BG","nom":"Unite hydrogeologique 718BG","NatureUH":"CAPTIF","nature":"CAPTIF","nb_stations":41,"CdUH_N1":"718","type_source":"APPROX_BBOX"}},{"type":"Feature","geometry":{"type":"Polygon","coordinates":[[[3.0015,43.1879],[3.4162,43.1879],[3.4162,43.4923],[3.0015,43.4923],[3.0015,43.1879]]]},"properties":{"CdUH":"718BH","code":"718BH","LbUH":"Unite hydrogeologique 718BH","nom":"Unite hydrogeologique 718BH","NatureUH":"CAPTIF","nature":"CAPTIF","nb_stations":3,"CdUH_N1":"718","type_source":"APPROX_BBOX"}},{"type":"Feature","geometry":{"type":"Polygon","coordinates":[[[3.3228,43.2429],[3.8363,43.2429],[3.8363,43.9952],[3.3228,43.9952],[3.3228,43.2429]]]},"properties":{"CdUH":"718BI","code":"718BI","LbUH":"Unite hydrogeologique 718BI","nom":"Unite hydrogeologique 718BI","NatureUH":"CAPTIF","nature":"CAPTIF","nb_stations":9,"CdUH_N1":"718","type_source":"APPROX_BBOX"}},{"type":"Feature","geometry":{"type":"Polygon","coordinates":[[[2.5854,42.5002],[3.1315,42.5002],[3.1315,42.9149],[2.5854,42.9149],[2.5854,42.5002]]]},"properties":{"CdUH":"718BP","code":"718BP","LbUH":"Unite hydrogeologique 718BP","nom":"Unite hydrogeologique 718BP","NatureUH":"CAPTIF","nature":"CAPTIF","nb_stations":6,"CdUH_N1":"718","type_source":"APPROX_BBOX"}},{"type":"Feature","geometry":{"type":"Polygon","coordinates":[[[4.0399,43.6338],[4.2399,43.6338],[4.2399,43.8338],[4.0399,43.8338],[4.0399,43.6338]]]},"properties":{"CdUH":"718CB","code":"718CB","LbUH":"Unite hydrogeologique 718CB","nom":"Unite hydrogeologique 718CB","NatureUH":"MULTICOUCHE","nature":"MULTICOUCHE","nb_stations":1,"CdUH_N1":"718","type_source":"APPROX_BBOX"}},{"type":"Feature","geometry":{"type":"Polygon","coordinates":[[[7.0886,43.5886],[7.2947,43.5886],[7.2947,43.9317],[7.0886,43.9317],[7.0886,43.5886]]]},"properties":{"CdUH":"719AB","code":"719AB","LbUH":"Unite hydrogeologique 719AB","nom":"Unite hydrogeologique 719AB","NatureUH":"LIBRE","nature":"LIBRE","nb_stations":4,"CdUH_N1":"719","type_source":"APPROX_BBOX"}},{"type":"Feature","geometry":{"type":"Polygon","coordinates":[[[6.4296,43.1332],[7.0261,43.1332],[7.0261,43.6878],[6.4296,43.6878],[6.4296,43.1332]]]},"properties":{"CdUH":"719CA","code":"719CA","LbUH":"Unite hydrogeologique 719CA","nom":"Unite hydrogeologique 719CA","NatureUH":"MULTICOUCHE","nature":"MULTICOUCHE","nb_stations":6,"CdUH_N1":"719","type_source":"APPROX_BBOX"}},{"type":"Feature","geometry":{"type":"Polygon","coordinates":[[[5.0481,43.0163],[6.2713,43.0163],[6.2713,43.6195],[5.0481,43.6195],[5.0481,43.0163]]]},"properties":{"CdUH":"719EA","code":"719EA","LbUH":"Unite hydrogeologique 719EA","nom":"Unite hydrogeologique 719EA","NatureUH":"INDIFFERENCIE","nature":"INDIFFERENCIE","nb_stations":8,"CdUH_N1":"719","type_source":"APPROX_BBOX"}},{"type":"Feature","geometry":{"type":"Polygon","coordinates":[[[9.3362,42.3421],[9.6199,42.3421],[9.6199,42.719],[9.3362,42.719],[9.3362,42.3421]]]},"properties":{"CdUH":"720AB","code":"720AB","LbUH":"Unite hydrogeologique 720AB","nom":"Unite hydrogeologique 720AB","NatureUH":"LIBRE","nature":"LIBRE","nb_stations":8,"CdUH_N1":"720","type_source":"APPROX_BBOX"}},{"type":"Feature","geometry":{"type":"Polygon","coordinates":[[[9.0506,42.258],[9.6308,42.258],[9.6308,43.0335],[9.0506,43.0335],[9.0506,42.258]]]},"properties":{"CdUH":"720AD","code":"720AD","LbUH":"Unite hydrogeologique 720AD","nom":"Unite hydrogeologique 720AD","NatureUH":"LIBRE","nature":"LIBRE","nb_stations":15,"CdUH_N1":"720","type_source":"APPROX_BBOX"}},{"type":"Feature","geometry":{"type":"Polygon","coordinates":[[[9.2907,41.8104],[9.5731,41.8104],[9.5731,42.364],[9.2907,42.364],[9.2907,41.8104]]]},"properties":{"CdUH":"720AF","code":"720AF","LbUH":"Unite hydrogeologique 720AF","nom":"Unite hydrogeologique 720AF","NatureUH":"LIBRE","nature":"LIBRE","nb_stations":8,"CdUH_N1":"720","type_source":"APPROX_BBOX"}},{"type":"Feature","geometry":{"type":"Polygon","coordinates":[[[9.1655,41.4696],[9.501,41.4696],[9.501,41.9647],[9.1655,41.9647],[9.1655,41.4696]]]},"properties":{"CdUH":"720BD","code":"720BD","LbUH":"Unite hydrogeologique 720BD","nom":"Unite hydrogeologique 720BD","NatureUH":"CAPTIF","nature":"CAPTIF","nb_stations":6,"CdUH_N1":"720","type_source":"APPROX_BBOX"}},{"type":"Feature","geometry":{"type":"Polygon","coordinates":[[[8.7596,41.5585],[9.0466,41.5585],[9.0466,41.8542],[8.7596,41.8542],[8.7596,41.5585]]]},"properties":{"CdUH":"720BF","code":"720BF","LbUH":"Unite hydrogeologique 720BF","nom":"Unite hydrogeologique 720BF","NatureUH":"CAPTIF","nature":"CAPTIF","nb_stations":5,"CdUH_N1":"720","type_source":"APPROX_BBOX"}},{"type":"Feature","geometry":{"type":"Polygon","coordinates":[[[8.4946,41.856],[9.1757,41.856],[9.1757,42.7462],[8.4946,42.7462],[8.4946,41.856]]]},"properties":{"CdUH":"720CA","code":"720CA","LbUH":"Unite hydrogeologique 720CA","nom":"Unite hydrogeologique 720CA","NatureUH":"MULTICOUCHE","nature":"MULTICOUCHE","nb_stations":15,"CdUH_N1":"720","type_source":"APPROX_BBOX"}},{"type":"Feature","geometry":{"type":"Polygon","coordinates":[[[2.6318,42.5197],[5.5769,42.5197],[5.5769,46.861],[2.6318,46.861],[2.6318,42.5197]]]},"properties":{"CdUH":"760AE","code":"760AE","LbUH":"Unite hydrogeologique 760AE","nom":"Unite hydrogeologique 760AE","NatureUH":"LIBRE","nature":"LIBRE","nb_stations":2,"CdUH_N1":"760","type_source":"APPROX_BBOX"}},{"type":"Feature","geometry":{"type":"Polygon","coordinates":[[[3.5422,49.9732],[4.0726,49.9732],[4.0726,50.3769],[3.5422,50.3769],[3.5422,49.9732]]]},"properties":{"CdUH":"914AA","code":"914AA","LbUH":"Unite hydrogeologique 914AA","nom":"Unite hydrogeologique 914AA","NatureUH":"LIBRE","nature":"LIBRE","nb_stations":3,"CdUH_N1":"914","type_source":"APPROX_BBOX"}},{"type":"Feature","geometry":{"type":"Polygon","coordinates":[[[3.3962,50.3024],[3.6363,50.3024],[3.6363,50.5876],[3.3962,50.5876],[3.3962,50.3024]]]},"properties":{"CdUH":"916AA","code":"916AA","LbUH":"Unite hydrogeologique 916AA","nom":"Unite hydrogeologique 916AA","NatureUH":"LIBRE","nature":"LIBRE","nb_stations":2,"CdUH_N1":"916","type_source":"APPROX_BBOX"}},{"type":"Feature","geometry":{"type":"Polygon","coordinates":[[[0.3873,48.9327],[1.7482,48.9327],[1.7482,49.6239],[0.3873,49.6239],[0.3873,48.9327]]]},"properties":{"CdUH":"924AA","code":"924AA","LbUH":"Unite hydrogeologique 924AA","nom":"Unite hydrogeologique 924AA","NatureUH":"LIBRE","nature":"LIBRE","nb_stations":12,"CdUH_N1":"924","type_source":"APPROX_BBOX"}},{"type":"Feature","geometry":{"type":"Polygon","coordinates":[[[0.6167,48.819],[1.5508,48.819],[1.5508,49.2576],[0.6167,49.2576],[0.6167,48.819]]]},"properties":{"CdUH":"924AC","code":"924AC","LbUH":"Unite hydrogeologique 924AC","nom":"Unite hydrogeologique 924AC","NatureUH":"LIBRE","nature":"LIBRE","nb_stations":4,"CdUH_N1":"924","type_source":"APPROX_BBOX"}},{"type":"Feature","geometry":{"type":"Polygon","coordinates":[[[2.9599,49.277],[4.2351,49.277],[4.2351,49.6634],[2.9599,49.6634],[2.9599,49.277]]]},"properties":{"CdUH":"924AE","code":"924AE","LbUH":"Unite hydrogeologique 924AE","nom":"Unite hydrogeologique 924AE","NatureUH":"LIBRE","nature":"LIBRE","nb_stations":5,"CdUH_N1":"924","type_source":"APPROX_BBOX"}},{"type":"Feature","geometry":{"type":"Polygon","coordinates":[[[2.7794,48.3154],[5.0368,48.3154],[5.0368,49.1251],[2.7794,49.1251],[2.7794,48.3154]]]},"properties":{"CdUH":"926AC","code":"926AC","LbUH":"Unite hydrogeologique 926AC","nom":"Unite hydrogeologique 926AC","NatureUH":"LIBRE","nature":"LIBRE","nb_stations":7,"CdUH_N1":"926","type_source":"APPROX_BBOX"}},{"type":"Feature","geometry":{"type":"Polygon","coordinates":[[[2.5947,48.1701],[2.7947,48.1701],[2.7947,48.3701],[2.5947,48.3701],[2.5947,48.1701]]]},"properties":{"CdUH":"928AA","code":"928AA","LbUH":"Unite hydrogeologique 928AA","nom":"Unite hydrogeologique 928AA","NatureUH":"LIBRE","nature":"LIBRE","nb_stations":1,"CdUH_N1":"928","type_source":"APPROX_BBOX"}},{"type":"Feature","geometry":{"type":"Polygon","coordinates":[[[3.0802,47.9116],[4.5654,47.9116],[4.5654,48.665],[3.0802,48.665],[3.0802,47.9116]]]},"properties":{"CdUH":"928AC","code":"928AC","LbUH":"Unite hydrogeologique 928AC","nom":"Unite hydrogeologique 928AC","NatureUH":"LIBRE","nature":"LIBRE","nb_stations":125,"CdUH_N1":"928","type_source":"APPROX_BBOX"}},{"type":"Feature","geometry":{"type":"Polygon","coordinates":[[[3.7225,48.0437],[4.8995,48.0437],[4.8995,48.6775],[3.7225,48.6775],[3.7225,48.0437]]]},"properties":{"CdUH":"928AG","code":"928AG","LbUH":"Unite hydrogeologique 928AG","nom":"Unite hydrogeologique 928AG","NatureUH":"LIBRE","nature":"LIBRE","nb_stations":12,"CdUH_N1":"928","type_source":"APPROX_BBOX"}},{"type":"Feature","geometry":{"type":"Polygon","coordinates":[[[3.5193,46.4629],[3.8395,46.4629],[3.8395,46.8267],[3.5193,46.8267],[3.5193,46.4629]]]},"properties":{"CdUH":"930AB","code":"930AB","LbUH":"Unite hydrogeologique 930AB","nom":"Unite hydrogeologique 930AB","NatureUH":"LIBRE","nature":"LIBRE","nb_stations":8,"CdUH_N1":"930","type_source":"APPROX_BBOX"}},{"type":"Feature","geometry":{"type":"Polygon","coordinates":[[[-0.5489,47.1165],[1.9613,47.1165],[1.9613,47.9733],[-0.5489,47.9733],[-0.5489,47.1165]]]},"properties":{"CdUH":"930DA","code":"930DA","LbUH":"Unite hydrogeologique 930DA","nom":"Unite hydrogeologique 930DA","NatureUH":"INDIFFERENCIE","nature":"INDIFFERENCIE","nb_stations":17,"CdUH_N1":"930","type_source":"APPROX_BBOX"}},{"type":"Feature","geometry":{"type":"Polygon","coordinates":[[[-1.9833,47.1273],[-0.2189,47.1273],[-0.2189,47.5131],[-1.9833,47.5131],[-1.9833,47.1273]]]},"properties":{"CdUH":"930FA","code":"930FA","LbUH":"Unite hydrogeologique 930FA","nom":"Unite hydrogeologique 930FA","NatureUH":"INDIFFERENCIE","nature":"INDIFFERENCIE","nb_stations":21,"CdUH_N1":"930","type_source":"APPROX_BBOX"}},{"type":"Feature","geometry":{"type":"Polygon","coordinates":[[[3.1151,45.2546],[3.4677,45.2546],[3.4677,45.9752],[3.1151,45.9752],[3.1151,45.2546]]]},"properties":{"CdUH":"932AC","code":"932AC","LbUH":"Unite hydrogeologique 932AC","nom":"Unite hydrogeologique 932AC","NatureUH":"LIBRE","nature":"LIBRE","nb_stations":11,"CdUH_N1":"932","type_source":"APPROX_BBOX"}},{"type":"Feature","geometry":{"type":"Polygon","coordinates":[[[2.9676,46.1665],[3.5017,46.1665],[3.5017,46.9915],[2.9676,46.9915],[2.9676,46.1665]]]},"properties":{"CdUH":"932AR","code":"932AR","LbUH":"Unite hydrogeologique 932AR","nom":"Unite hydrogeologique 932AR","NatureUH":"LIBRE","nature":"LIBRE","nb_stations":14,"CdUH_N1":"932","type_source":"APPROX_BBOX"}},{"type":"Feature","geometry":{"type":"Polygon","coordinates":[[[2.2933,46.2672],[2.7032,46.2672],[2.7032,46.8988],[2.2933,46.8988],[2.2933,46.2672]]]},"properties":{"CdUH":"935AB","code":"935AB","LbUH":"Unite hydrogeologique 935AB","nom":"Unite hydrogeologique 935AB","NatureUH":"LIBRE","nature":"LIBRE","nb_stations":3,"CdUH_N1":"935","type_source":"APPROX_BBOX"}},{"type":"Feature","geometry":{"type":"Polygon","coordinates":[[[-0.6079,47.5215],[-0.4079,47.5215],[-0.4079,47.7215],[-0.6079,47.7215],[-0.6079,47.5215]]]},"properties":{"CdUH":"937AB","code":"937AB","LbUH":"Unite hydrogeologique 937AB","nom":"Unite hydrogeologique 937AB","NatureUH":"LIBRE","nature":"LIBRE","nb_stations":1,"CdUH_N1":"937","type_source":"APPROX_BBOX"}},{"type":"Feature","geometry":{"type":"Polygon","coordinates":[[[-2.0237,47.5828],[-1.8237,47.5828],[-1.8237,47.7828],[-2.0237,47.7828],[-2.0237,47.5828]]]},"properties":{"CdUH":"938AC","code":"938AC","LbUH":"Unite hydrogeologique 938AC","nom":"Unite hydrogeologique 938AC","NatureUH":"LIBRE","nature":"LIBRE","nb_stations":1,"CdUH_N1":"938","type_source":"APPROX_BBOX"}},{"type":"Feature","geometry":{"type":"Polygon","coordinates":[[[-2.4606,47.7133],[-2.2606,47.7133],[-2.2606,47.9133],[-2.4606,47.9133],[-2.4606,47.7133]]]},"properties":{"CdUH":"938CB","code":"938CB","LbUH":"Unite hydrogeologique 938CB","nom":"Unite hydrogeologique 938CB","NatureUH":"MULTICOUCHE","nature":"MULTICOUCHE","nb_stations":1,"CdUH_N1":"938","type_source":"APPROX_BBOX"}},{"type":"Feature","geometry":{"type":"Polygon","coordinates":[[[-0.4619,44.7172],[1.9447,44.7172],[1.9447,45.0499],[-0.4619,45.0499],[-0.4619,44.7172]]]},"properties":{"CdUH":"942AA","code":"942AA","LbUH":"Unite hydrogeologique 942AA","nom":"Unite hydrogeologique 942AA","NatureUH":"LIBRE","nature":"LIBRE","nb_stations":15,"CdUH_N1":"942","type_source":"APPROX_BBOX"}},{"type":"Feature","geometry":{"type":"Polygon","coordinates":[[[0.8272,44.82],[1.4797,44.82],[1.4797,45.221],[0.8272,45.221],[0.8272,44.82]]]},"properties":{"CdUH":"942AC","code":"942AC","LbUH":"Unite hydrogeologique 942AC","nom":"Unite hydrogeologique 942AC","NatureUH":"LIBRE","nature":"LIBRE","nb_stations":2,"CdUH_N1":"942","type_source":"APPROX_BBOX"}},{"type":"Feature","geometry":{"type":"Polygon","coordinates":[[[-0.337,44.8525],[0.7541,44.8525],[0.7541,45.3632],[-0.337,45.3632],[-0.337,44.8525]]]},"properties":{"CdUH":"942AE","code":"942AE","LbUH":"Unite hydrogeologique 942AE","nom":"Unite hydrogeologique 942AE","NatureUH":"LIBRE","nature":"LIBRE","nb_stations":7,"CdUH_N1":"942","type_source":"APPROX_BBOX"}},{"type":"Feature","geometry":{"type":"Polygon","coordinates":[[[-0.9226,45.1583],[-0.5351,45.1583],[-0.5351,45.4594],[-0.9226,45.4594],[-0.9226,45.1583]]]},"properties":{"CdUH":"944AA","code":"944AA","LbUH":"Unite hydrogeologique 944AA","nom":"Unite hydrogeologique 944AA","NatureUH":"LIBRE","nature":"LIBRE","nb_stations":3,"CdUH_N1":"944","type_source":"APPROX_BBOX"}},{"type":"Feature","geometry":{"type":"Polygon","coordinates":[[[-0.6909,43.0097],[1.5626,43.0097],[1.5626,45.1232],[-0.6909,45.1232],[-0.6909,43.0097]]]},"properties":{"CdUH":"946AA","code":"946AA","LbUH":"Unite hydrogeologique 946AA","nom":"Unite hydrogeologique 946AA","NatureUH":"LIBRE","nature":"LIBRE","nb_stations":120,"CdUH_N1":"946","type_source":"APPROX_BBOX"}},{"type":"Feature","geometry":{"type":"Polygon","coordinates":[[[0.2409,44.1994],[1.9798,44.1994],[1.9798,44.5919],[0.2409,44.5919],[0.2409,44.1994]]]},"properties":{"CdUH":"946AC","code":"946AC","LbUH":"Unite hydrogeologique 946AC","nom":"Unite hydrogeologique 946AC","NatureUH":"LIBRE","nature":"LIBRE","nb_stations":8,"CdUH_N1":"946","type_source":"APPROX_BBOX"}},{"type":"Feature","geometry":{"type":"Polygon","coordinates":[[[1.0073,43.5444],[2.1803,43.5444],[2.1803,44.1958],[1.0073,44.1958],[1.0073,43.5444]]]},"properties":{"CdUH":"946AE","code":"946AE","LbUH":"Unite hydrogeologique 946AE","nom":"Unite hydrogeologique 946AE","NatureUH":"LIBRE","nature":"LIBRE","nb_stations":18,"CdUH_N1":"946","type_source":"APPROX_BBOX"}},{"type":"Feature","geometry":{"type":"Polygon","coordinates":[[[1.2933,42.854],[1.836,42.854],[1.836,43.5025],[1.2933,43.5025],[1.2933,42.854]]]},"properties":{"CdUH":"946AG","code":"946AG","LbUH":"Unite hydrogeologique 946AG","nom":"Unite hydrogeologique 946AG","NatureUH":"LIBRE","nature":"LIBRE","nb_stations":14,"CdUH_N1":"946","type_source":"APPROX_BBOX"}},{"type":"Feature","geometry":{"type":"Polygon","coordinates":[[[0.4001,42.9782],[0.6001,42.9782],[0.6001,43.1782],[0.4001,43.1782],[0.4001,42.9782]]]},"properties":{"CdUH":"946AK","code":"946AK","LbUH":"Unite hydrogeologique 946AK","nom":"Unite hydrogeologique 946AK","NatureUH":"LIBRE","nature":"LIBRE","nb_stations":1,"CdUH_N1":"946","type_source":"APPROX_BBOX"}},{"type":"Feature","geometry":{"type":"Polygon","coordinates":[[[-1.1515,43.047],[0.203,43.047],[0.203,43.8878],[-1.1515,43.8878],[-1.1515,43.047]]]},"properties":{"CdUH":"948AA","code":"948AA","LbUH":"Unite hydrogeologique 948AA","nom":"Unite hydrogeologique 948AA","NatureUH":"LIBRE","nature":"LIBRE","nb_stations":17,"CdUH_N1":"948","type_source":"APPROX_BBOX"}},{"type":"Feature","geometry":{"type":"Polygon","coordinates":[[[-1.2673,43.4565],[-1.0673,43.4565],[-1.0673,43.6565],[-1.2673,43.6565],[-1.2673,43.4565]]]},"properties":{"CdUH":"948AE","code":"948AE","LbUH":"Unite hydrogeologique 948AE","nom":"Unite hydrogeologique 948AE","NatureUH":"LIBRE","nature":"LIBRE","nb_stations":1,"CdUH_N1":"948","type_source":"APPROX_BBOX"}},{"type":"Feature","geometry":{"type":"Polygon","coordinates":[[[-1.1156,43.0291],[-0.1068,43.0291],[-0.1068,43.6375],[-1.1156,43.6375],[-1.1156,43.0291]]]},"properties":{"CdUH":"948AG","code":"948AG","LbUH":"Unite hydrogeologique 948AG","nom":"Unite hydrogeologique 948AG","NatureUH":"LIBRE","nature":"LIBRE","nb_stations":22,"CdUH_N1":"948","type_source":"APPROX_BBOX"}},{"type":"Feature","geometry":{"type":"Polygon","coordinates":[[[-1.1032,43.101],[-0.551,43.101],[-0.551,43.5692],[-1.1032,43.5692],[-1.1032,43.101]]]},"properties":{"CdUH":"948AI","code":"948AI","LbUH":"Unite hydrogeologique 948AI","nom":"Unite hydrogeologique 948AI","NatureUH":"LIBRE","nature":"LIBRE","nb_stations":4,"CdUH_N1":"948","type_source":"APPROX_BBOX"}},{"type":"Feature","geometry":{"type":"Polygon","coordinates":[[[4.6808,50.0112],[4.8808,50.0112],[4.8808,50.2112],[4.6808,50.2112],[4.6808,50.0112]]]},"properties":{"CdUH":"950AA","code":"950AA","LbUH":"Unite hydrogeologique 950AA","nom":"Unite hydrogeologique 950AA","NatureUH":"LIBRE","nature":"LIBRE","nb_stations":1,"CdUH_N1":"950","type_source":"APPROX_BBOX"}},{"type":"Feature","geometry":{"type":"Polygon","coordinates":[[[5.0732,48.2921],[5.7804,48.2921],[5.7804,49.5568],[5.0732,49.5568],[5.0732,48.2921]]]},"properties":{"CdUH":"950AE","code":"950AE","LbUH":"Unite hydrogeologique 950AE","nom":"Unite hydrogeologique 950AE","NatureUH":"LIBRE","nature":"LIBRE","nb_stations":8,"CdUH_N1":"950","type_source":"APPROX_BBOX"}},{"type":"Feature","geometry":{"type":"Polygon","coordinates":[[[5.8049,47.8228],[6.7632,47.8228],[6.7632,49.5528],[5.8049,49.5528],[5.8049,47.8228]]]},"properties":{"CdUH":"952AC","code":"952AC","LbUH":"Unite hydrogeologique 952AC","nom":"Unite hydrogeologique 952AC","NatureUH":"LIBRE","nature":"LIBRE","nb_stations":132,"CdUH_N1":"952","type_source":"APPROX_BBOX"}},{"type":"Feature","geometry":{"type":"Polygon","coordinates":[[[6.0704,49.1851],[6.2704,49.1851],[6.2704,49.3851],[6.0704,49.3851],[6.0704,49.1851]]]},"properties":{"CdUH":"952AE","code":"952AE","LbUH":"Unite hydrogeologique 952AE","nom":"Unite hydrogeologique 952AE","NatureUH":"LIBRE","nature":"LIBRE","nb_stations":1,"CdUH_N1":"952","type_source":"APPROX_BBOX"}},{"type":"Feature","geometry":{"type":"Polygon","coordinates":[[[6.0621,48.1243],[7.0765,48.1243],[7.0765,48.8488],[6.0621,48.8488],[6.0621,48.1243]]]},"properties":{"CdUH":"954AA","code":"954AA","LbUH":"Unite hydrogeologique 954AA","nom":"Unite hydrogeologique 954AA","NatureUH":"LIBRE","nature":"LIBRE","nb_stations":75,"CdUH_N1":"954","type_source":"APPROX_BBOX"}},{"type":"Feature","geometry":{"type":"Polygon","coordinates":[[[6.2618,48.5298],[6.4618,48.5298],[6.4618,48.7298],[6.2618,48.7298],[6.2618,48.5298]]]},"properties":{"CdUH":"954AM","code":"954AM","LbUH":"Unite hydrogeologique 954AM","nom":"Unite hydrogeologique 954AM","NatureUH":"LIBRE","nature":"LIBRE","nb_stations":1,"CdUH_N1":"954","type_source":"APPROX_BBOX"}}]}